Ano Início,Ano Fim,Evento,Personagem,Região,Local,Detalhes,Referência bíblica
c. 4004 a.C.,c. 3074 a.C.,Criação e Vida de Adão,Adão,Terra,Éden,,
c. 3874 a.C.,c. 2962 a.C.,Vida de Sete,Sete,Terra,,,
c. 3769 a.C.,c. 2864 a.C.,Vida de Enos,Enos,Terra,,,
c. 3679 a.C.,c. 2769 a.C.,Vida de Cainã,Cainã,Terra,,,
c. 3609 a.C.,c. 2714 a.C.,Vida de Maalalel,Maalalel,Terra,,,
c. 3544 a.C.,c. 2582 a.C.,Vida de Jarede,Jarede,Terra,,,
c. 3382 a.C.,c. 3017 a.C.,Vida de Enoque (Transladado),Enoque,Terra,,,
c. 3317 a.C.,c. 2348 a.C.,Vida de Matusalém,Matusalém,Terra,,,
c. 3130 a.C.,c. 2353 a.C.,Vida de Lameque,Lameque,Terra,,,
c. 2948 a.C.,c. 1998 a.C.,Vida de Noé e o Dilúvio,Noé,Terra,,,
c. 2247 a.C.,c. 2247 a.C.,Torre de Babel e Dispersão,Ninrode,Mesopotâmia,Sinar,,
c. 2100 a.C.,c. 1925 a.C.,Chamado de Abraão e jornadas,Abraão,Caldeia,Ur,,
c. 2090 a.C.,c. 2090 a.C.,Aliança das Metades (Brit Bein HaBetarim),Abraão,Canaã,,,
c. 2085 a.C.,c. 2085 a.C.,Batalha do Vale de Sidim e o resgate de Ló por Abrão,Abrão / Melquisedeque / Codorlaomer,Canaã,Vale de Sidim,,
c. 2080 a.C.,c. 2064 a.C.,Conflito com Hagar e nascimento/expulsão de Ismael,Sara / Hagar / Ismael,Canaã,Deserto de Beer-Seba,,
c. 2029 a.C.,c. 2029 a.C.,Compra da Caverna de Macpela (primeira aquisição legal de terra),"Abraão / Efrom, o heteu",Canaã,Hebrom,,
c. 2066 a.C.,c. 2066 a.C.,Circuncisão e Nascimento de Isaque (Brit Milá),Abraão / Isaque,Canaã,,,
c. 2050 a.C.,c. 2050 a.C.,O Sacrifício/Amarração de Isaque (Akedá),Abraão / Isaque,Canaã,Monte Moriá,,
c. 2026 a.C.,c. 2026 a.C.,Casamento com Rebeca e morte de Sara,Isaque / Rebeca,Canaã,Harã,,
c. 1925 a.C.,c. 1850 a.C.,Vida de Isaque,Isaque,Canaã,,,
c. 1900 a.C.,c. 1900 a.C.,Venda da primogenitura e bênção paterna,Jacó / Esaú / Isaque,Canaã,,,
c. 1897 a.C.,c. 1897 a.C.,Destruição de Sodoma e Gomorra,Ló / Abraão,Canaã,Vale do Jordão,,
c. 1890 a.C.,c. 1890 a.C.,Sonho da Escada e fuga para Harã,Jacó,Canaã,Betel,,
c. 1870 a.C.,c. 1870 a.C.,Luta com o Anjo e mudança de nome para Israel,Jacó,Transjordânia,Peniel,,
c. 1870 a.C.,c. 1870 a.C.,Fuga de Harã e roubo dos ídolos terafins por Raquel,Raquel / Jacó / Labão,Gileade,Harã,,
c. 1860 a.C.,c. 1860 a.C.,Destruição de Siquém em defesa de Diná,Simeão / Levi,Canaã,Siquém,,
c. 1850 a.C.,c. 1750 a.C.,Estabelecimento dos Patriarcas e Patriarcado das Doze Tribos,"Rúben, Simeão, Levi, Judá, Dã, Naftali, Gade, Aser, Issacar, Zebulom, José, Benjamim",Egito,,,
c. 1850 a.C.,c. 1850 a.C.,"Profecia Patriarcal do Cetro de Judá (""O cetro não se afastará de Judá"")",Jacó / Judá,Egito,Gósen,,
c. 1850 a.C.,c. 1750 a.C.,Vida de Jacó (Israel),Jacó,Egito,,,
c. 1750 a.C.,c. 1650 a.C.,Ascensão de José,José,Canaã,,,
c. 1730 a.C.,c. 1730 a.C.,Nascimento de Peres (Ancestral direto da dinastia real),Judá / Tamar / Peres,Canaã,,,
c. 1650 a.C.,c. 1446 a.C.,Israelitas no Egito,Moisés,Egito,,,
c. 1446 a.C.,c. 1446 a.C.,"Incidente da circuncisão no alojamento (""Esposo de sangue"")",Sipora / Moisés / Gersom,Deserto de Midiã,,,
c. 1446 a.C.,c. 1446 a.C.,As Dez Pragas (Makkot) e a 1ª Páscoa (Pessach),Moisés / Arão / Faraó,Egito,,,
c. 1446 a.C.,c. 1446 a.C.,Abertura do Mar Vermelho (Kriat Yam Suf),Moisés,Mar Vermelho,,,
c. 1446 a.C.,c. 1406 a.C.,Êxodo e Peregrinação,Moisés,Egito,,,
c. 1446 a.C.,c. 1446 a.C.,Entrega da Torá no Monte Sinai (Matan Torá),Moisés / Povo de Israel,Deserto do Sinai,Monte Sinai,,
c. 1446 a.C.,c. 1446 a.C.,Batalha contra Amaleque e a sustentação dos braços de Moisés,Josué / Hur / Arão / Moisés,Deserto do Sinai,Rechidim ,,
c. 1446 a.C.,c. 1446 a.C.,Conselho de Jetro para a reorganização judiciária do acampamento,Jetro / Moisés,Deserto do Sinai,Monte Sinai,,
c. 1446 a.C.,c. 1406 a.C.,Sumo Sacerdócio de Arão,Arão (Sumo Sacerdote),Deserto do Sinai,Monte Sinai,,
c. 1446 a.C.,c. 1446 a.C.,Príncipe e chefe da Tribo de Rúben no Sinai,Elisur (filho de Sedeur),Deserto do Sinai,,,
c. 1446 a.C.,c. 1446 a.C.,Príncipe e chefe da Tribo de Simeão no Sinai,Selumiel (filho de Zurisadai),Deserto do Sinai,,,
c. 1446 a.C.,c. 1446 a.C.,Príncipe e chefe da Tribo de Judá no Sinai,Naassom (filho de Aminadabe),Deserto do Sinai,,,
c. 1446 a.C.,c. 1446 a.C.,Príncipe e chefe da Tribo de Issacar no Sinai,Netanel (filho de Zuar),Deserto do Sinai,,,
c. 1446 a.C.,c. 1446 a.C.,Príncipe e chefe da Tribo de Zebulom no Sinai,Eliabe (filho de Helom),Deserto do Sinai,,,
c. 1446 a.C.,c. 1446 a.C.,Príncipe e chefe da Tribo de Efraim no Sinai,Elisama (filho de Amiúde),Deserto do Sinai,,,
c. 1446 a.C.,c. 1446 a.C.,Príncipe e chefe da Tribo de Manassés no Sinai,Gamaliel (filho de Pedazur),Deserto do Sinai,,,
c. 1446 a.C.,c. 1446 a.C.,Príncipe e chefe da Tribo de Benjamim no Sinai,Abidã (filho de Gideoni),Deserto do Sinai,,,
c. 1446 a.C.,c. 1446 a.C.,Príncipe e chefe da Tribo de Dã no Sinai,Aiezer (filho de Amisadai),Deserto do Sinai,,,
c. 1446 a.C.,c. 1446 a.C.,Príncipe e chefe da Tribo de Aser no Sinai,Pagiel (filho de Ocrã),Deserto do Sinai,,,
c. 1446 a.C.,c. 1446 a.C.,Príncipe e chefe da Tribo de Gade no Sinai,Eliasafe (filho de Deuel),Deserto do Sinai,,,
c. 1446 a.C.,c. 1446 a.C.,Príncipe e chefe da Tribo de Naftali no Sinai,Aira (filho de Enã),Deserto do Sinai,,,
c. 1445 a.C.,c. 1445 a.C.,Pecado do Bezerro de Ouro (Chet HaEgel),Arão / Povo de Israel,Deserto do Sinai,,,
c. 1445 a.C.,c. 1445 a.C.,Pecado do Bezerro de Ouro (Chet HaEgel),Arão / Povo de Israel,Deserto do Sinai,,,
c. 1445 a.C.,c. 1445 a.C.,Construção do Tabernáculo (Mishkan),Bezalel / Aoliabe,Deserto do Sinai,,,
c. 1445 a.C.,c. 1445 a.C.,"Juízo sobre Nadabe e Abiú por oferecerem ""fogo estranho""",Nadabe / Abiú / Arão,Deserto do Sinai,,,
c. 1445 a.C.,c. 1445 a.C.,Praga das codornas e juízo em Kibroth-Hattaavah (Cobiça),Moisés / Povo de Israel,Deserto de Parã,,,
c. 1445 a.C.,c. 1445 a.C.,Murmuração de Miriã e Arão contra Moisés e lepra temporária,Miriã / Arão / Moisés,Deserto de Parã,Hazerote,,
c. 1444 a.C.,c. 1444 a.C.,Milagre da vara de Arão que floresceu para atestar o sacerdócio,Arão / Moisés,Deserto de Parã,,,
c. 1444 a.C.,c. 1444 a.C.,Missão dos 12 Espias (Meraglim) e o mau relato,Josué / Calebe,Cades-Barneia,,,
c. 1444 a.C.,c. 1444 a.C.,Espia representando a Tribo de Rúben,Samua (filho de Zacur),Cades-Barneia,,,
c. 1444 a.C.,c. 1444 a.C.,Espia representando a Tribo de Simeão,Safate (filho de Hori),Cades-Barneia,,,
c. 1444 a.C.,c. 1444 a.C.,Espia representando a Tribo de Judá,Calebe (filho de Jefoné),Cades-Barneia,,,
c. 1444 a.C.,c. 1444 a.C.,Espia representando a Tribo de Issacar,Igal (filho de José),Cades-Barneia,,,
c. 1444 a.C.,c. 1444 a.C.,Espia representando a Tribo de Efraim,Oseias / Josué (filho de Num),Cades-Barneia,,,
c. 1444 a.C.,c. 1444 a.C.,Espia representando a Tribo de Benjamim,Palti (filho de Rafu),Cades-Barneia,,,
c. 1444 a.C.,c. 1444 a.C.,Espia representando a Tribo de Zebulom,Gadiel (filho de Sodi),Cades-Barneia,,,
c. 1444 a.C.,c. 1444 a.C.,Espia representando a Tribo de Manassés,Gadi (filho de Susi),Cades-Barneia,,,
c. 1444 a.C.,c. 1444 a.C.,Espia representando a Tribo de Dã,Amiel (filho de Gemali),Cades-Barneia,,,
c. 1444 a.C.,c. 1444 a.C.,Espia representando a Tribo de Aser,Setur (filho de Micael),Cades-Barneia,,,
c. 1444 a.C.,c. 1444 a.C.,Espia representando a Tribo de Naftali,Nabi (filho de Vofsi),Cades-Barneia,,,
c. 1444 a.C.,c. 1444 a.C.,Espia representando a Tribo de Gade,Geuel (filho de Maqui),Cades-Barneia,,,
c. 1430 a.C.,c. 1430 a.C.,A Rebelião de Corá (Korá) contra a liderança,Corá / Datã / Abirão,Deserto de Parã,,,
c. 1406 a.C.,c. 1406 a.C.,Praga das serpentes abrasadoras e cura pela serpente de bronze,Moisés / Povo de Israel,Edom,,,
c. 1406 a.C.,c. 1406 a.C.,Aparição do Anjo e incidente da jumenta de Balaão,Balaão / Balaque,Moabe,,,
c. 1406 a.C.,c. 1406 a.C.,Apostasia em Baal-Peor e o zelo sacerdotal de Fineias,Fineias / Zinri / Cozbi,Moabe,Sitim,,
c. 1406 a.C.,c. 1406 a.C.,Reivindicação das filhas de Zelofeade sobre direitos de herança,Filhas de Zelofeade / Moisés,Moabe,Planície,,
c. 1406 a.C.,c. 1406 a.C.,Visão da Terra do Monte Nebo e sepultura divina de Moisés,Moisés / Josué,Moabe,Monte Nebo,,
c. 1406 a.C.,c. 1370 a.C.,Conquista de Canaã,Josué,Canaã,,,
c. 1406 a.C.,c. 1406 a.C.,"Profecia de Balaão (""Uma estrela procederá de Jacó, um cetro se levantará"")",Balaão / Balaque,Moabe,,,
,,,,,,,
c. 1406 a.C.,c. 1406 a.C.,Comissionamento divino de Josué e ordem de travessia,Josué e Deus,Transjordânia / Benjamim,Sitim (Moabe),"Após a morte de Moisés, Deus ordena a Josué que se levante e passe o Jordão, prometendo que nenhum inimigo subsistiria diante dele e exigindo coragem e meditação na Lei.",Josué 1:1-18
c. 1406 a.C.,c. 1406 a.C.,Missão dos dois espias e proteção de Raabe em Jericó,Dois espias e Raabe,Benjamim,Jericó,Josué envia secretamente dois espias a Jericó; a prostituta Raabe os esconde sob manojos de linho no eirado e obtém a promessa de salvação para sua família com o cordão encarnado.,Josué 2:1-24
c. 1406 a.C.,c. 1406 a.C.,Travessia miraculosa do Rio Jordão a seco,"Josué, Sacerdotes e Povo de Israel",Benjamim,Rio Jordão / Adam,"Assim que os pés dos sacerdotes que levavam a Arca tocaram as águas na época da colheita, as águas pararam e se levantaram num montão perto de Adam, permitindo a travessia a seco.",Josué 3:1-17
c. 1406 a.C.,c. 1406 a.C.,Edificação dos dois memoriais de doze pedras,Josué e doze homens de Israel,Benjamim,Rio Jordão / Gilgal,"Doze pedras são tiradas do meio do leito seco do Jordão e erguidas no acampamento de Gilgal, e outras doze pedras são colocadas no leito do rio como testemunho perpétuo.",Josué 4:1-24
c. 1406 a.C.,c. 1406 a.C.,Circuncisão da nova geração e celebração da Páscoa,Josué e Povo de Israel,Benjamim,Gilgal (Gibeate-Haralote),"A geração nascida no deserto é circuncidada para remover o opróbrio do Egito. O maná cessa no dia seguinte à celebração da Páscoa, e o povo passa a comer do fruto da terra.",Josué 5:1-12
c. 1406 a.C.,c. 1406 a.C.,Aparição do Príncipe do Exército do Senhor,Josué e o Príncipe do Exército,Benjamim,Arredores de Jericó,"Perto de Jericó, Josué vê um homem com a espada desembainhada na mão; ao saber que era o Príncipe do Exército do Senhor, Josué prostra-se e tira as sandálias dos pés.",Josué 5:13-15
c. 1406 a.C.,c. 1406 a.C.,"Cerco, queda das muralhas e destruição de Jericó","Josué, Sacerdotes, Exército e Raabe",Benjamim,Jericó,"Por seis dias o povo rodeia a cidade uma vez ao dia; no 7º dia, rodeiam 7 vezes, os sacerdotes tocam as cornetas, o povo grita e as muralhas caem. A cidade é consagrada ao anátema e Raabe é salva.",Josué 6:1-27
c. 1406 a.C.,c. 1406 a.C.,O pecado de Acã e a humilhante derrota em Ai,"Josué, Acã e 3.000 guerreiros",Benjamim,Ai,"Acã rouba escondido uma capa babilônica, prata e ouro do anátema de Jericó; a ira de Deus se acende e 3.000 israelitas são derrotados e perseguidos pelos homens de Ai, matando 36 deles.",Josué 7:1-15
c. 1406 a.C.,c. 1406 a.C.,Descoberta do anátema e execução no Vale de Acor,"Josué, Acã e a Tribo de Judá",Judá / Benjamim,Vale de Acor,"Por sorteio tribal, a culpa recai sobre Acã; ele confessa o roubo, as coisas são tiradas de sua tenda e ele é apedrejado e queimado com sua família e bens sob um grande montão de pedras.",Josué 7:16-26
c. 1406 a.C.,c. 1406 a.C.,Estratégia de emboscada e vitória total sobre Ai,Josué e Exército de Israel,Benjamim,Ai,"Josué atrai os guerreiros de Ai para longe da cidade com uma falsa retirada, enquanto uma emboscada noturna de 30.000 homens entra em Ai, ateia fogo e liquida os inimigos entre dois fogos.",Josué 8:1-29
c. 1406 a.C.,c. 1406 a.C.,"Construção do altar, cópia da Lei e bênçãos/maldições",Josué e Todo o Israel,Efraim / Manassés,Monte Ebal / Monte Gerizim,"Josué edifica um altar de pedras toscas no Monte Ebal, escreve ali uma cópia da Lei de Moisés e lê todas as bênçãos e maldições para o povo disposto entre os dois montes.",Josué 8:30-35
c. 1405 a.C.,c. 1405 a.C.,A astúcia e o pacto enganoso dos gibeonitas,"Josué, Príncipes de Israel e Gibeonitas",Benjamim,Gilgal / Gibeão,"Com roupas velhas, pães mofados e odres rotos, os habitantes de Gibeão fingem vir de terra distante; os líderes israelitas não consultam a Deus e fazem aliança de paz com eles.",Josué 9:1-27
c. 1405 a.C.,c. 1405 a.C.,Batalha de Gibeão e o milagre do Sol e da Lua parados,"Josué, 5 Reis Amorreus e Povo de Israel",Benjamim,Gibeão / Vale de Ajalom / Bet-Orom,"Cinco reis amorreus atacam Gibeão por causa do pacto; Josué marcha de noite, Deus lança grandes pedras de saraiva do céu e, à oração de Josué, o Sol e a Lua se detêm por quase um dia inteiro.",Josué 10:1-15
c. 1405 a.C.,c. 1405 a.C.,Execução dos cinco reis e Campanha do Sul,Josué e Exército de Israel,Judá / Simeão,Caverna de Maquedá / Libna / Laquis / Hebrom / Debir,"Os cinco reis amorreus (Jerusalém, Hebrom, Jarmute, Laquis e Eglom) são tirados da caverna de Maquedá, pisados nos pescoços pelos capitães e enforcados em madeiros; o Sul é conquistado.",Josué 10:16-43
c. 1400 a.C.,c. 1400 a.C.,Batalha das Águas de Merom (Campanha do Norte),Josué e Jabim (Rei de Hazor),Naftali / Aser,Águas de Merom,"Jabim forma uma imensa coligação militar com reis do norte, cavalos e multidão de carros de guerra; Josué faz um ataque surpresa, jarreta os cavalos e queima os carros de guerra.",Josué 11:1-15
c. 1400 a.C.,c. 1400 a.C.,Incêndio da metropolis de Hazor e balanço das vitórias,Josué,Naftali,Hazor,"Josué toma Hazor, a principal cidade-estado do norte, passa o seu rei ao fio da espada e queima a cidade a fogo, totalizando a derrota de 31 reis cananeus ao longo das campanhas.",Josué 11:16-23; Josué 12:1-24
c. 1395 a.C.,c. 1395 a.C.,Concessão de Hebrom a Calebe e expulsão dos anaquins,Calebe (85 anos) e Josué,Judá,Hebrom (Ciriate-Arba),"Reivindicando a promessa de Moisés feita 45 anos antes em Cades-Barneia, Calebe pede o monte fortificado habitado pelos gigantes anaquins e expulsa dali os três filhos de Anaque.",Josué 14:6-15; Josué 15:13-14
c. 1395 a.C.,c. 1395 a.C.,Conquista de Debir por Otniel e a herança das fontes de água,Otniel e Acsa (filha de Calebe),Judá,Debir (Ciriate-Sefer),"Calebe promete sua filha Acsa a quem tomar Ciriate-Sefer; seu sobrinho Otniel a toma, e Acsa pede e recebe de seu pai as fontes superiores e inferiores de água.",Josué 15:15-19
c. 1395 a.C.,c. 1395 a.C.,Armação do Tabernáculo em Siló e mapeamento final da terra,"Josué, Eleazar e as Tribos",Efraim,Siló,A Congregação reúne-se em Siló e erige ali a Tenda da Revelação; Josué envia 21 homens para mapear em sete partes o território restante para a partilha por sorteio.,Josué 18:1-10
c. 1395 a.C.,c. 1395 a.C.,Definição das 6 Cidades de Refúgio e 48 Cidades Levitivas,"Josué, Eleazar e Levitas",Várias Tribos,"Quedes, Siquém, Hebrom, Bezer, Ramote, Golã","Designam-se as cidades de refúgio para o homicida involuntário escapar do vingador do sangue, e sorteiam-se 48 cidades com seus campos em redor para as famílias da Tribo de Levi.",Josué 20:1-9; Josué 21:1-45
c. 1393 a.C.,c. 1393 a.C.,Despedida das tribos transjordânicas e a crise do Altar de Ed,"Fineias, Tribos do Leste e Tribos do Oeste",Benjamim / Transjordânia,Margens do Rio Jordão,"Rúben, Gade e meia tribo de Manassés constroem um grande altar junto ao Jordão; as tribos ocidentais temem apostasia e enviam Fineias, mas esclarece-se que o altar era apenas um testemunho (Ed).",Josué 22:1-34
c. 1390 a.C.,c. 1390 a.C.,Primeiro discurso de despedida de Josué aos líderes,Josué (idoso) e Anciãos de Israel,Efraim,Timnate-Sera / Siló,"Josué convoca os anciãos, cabeças e juízes, exortando-os a guardar a Lei, a não se misturarem com os povos sobreviventes e avisando que a violação da Aliança traria a ira divina.",Josué 23:1-16
c. 1390 a.C.,c. 1390 a.C.,Renovação da Aliança em Siquém e a escolha solene,Josué e Todo o Povo de Israel,Efraim / Manassés,Siquém,"Josué recapitula a história desde Abraão e faz o famoso desafio ao povo: ""Escolhei hoje a quem sirvais... porém eu e a minha casa serviremos ao Senhor"". Ergue uma grande pedra como testemunha.",Josué 24:1-28
c. 1390 a.C.,c. 1390 a.C.,"Morte de Josué, sepultamento de José e morte de Eleazar","Josué (110 anos), Eleazar e Povo",Efraim / Judá,Timnate-Sera / Siquém / Gibeá,"Josué morre aos 110 anos e é sepultado em sua herança em Timnate-Sera; os ossos de José (trazidos do Egito) são enterrados em Siquém, e morre também o sumo sacerdote Eleazar.",Josué 24:29-33
,,,,,,,
,,,,,,,
c. 1406 a.C.,c. 1370 a.C.,Sumo Sacerdócio de Eleazar,Eleazar (Sumo Sacerdote),Canaã,,,
c. 1406 a.C.,c. 1406 a.C.,Águas de Meribá (Moisés fere a rocha e é punido),Moisés / Arão,Cades-Barneia,Meribá,,
c. 1406 a.C.,c. 1406 a.C.,Travessia do Rio Jordão,Josué,Canaã,Gilgal,,
c. 1406 a.C.,c. 1406 a.C.,Queda de Jericó,Josué,Canaã,Jericó,,
c. 1405 a.C.,c. 1405 a.C.,O Pecado de Acã e a Conquista de Ai,Josué / Acã,Canaã,Ai,,
c. 1400 a.C.,c. 1395 a.C.,Engano dos Gibeonitas,Josué e gibeonitas,Canaã,Gibeão,,
c. 1400 a.C.,c. 1395 a.C.,Engano dos Gibeonitas e o Sol parando no céu,Josué,Canaã,Gibeão,,
c. 1400 a.C.,c. 1395 a.C.,Batalha onde a Lua parou,Josué,Canaã,Vale de Ajalom,,
c. 1400 a.C.,c. 1395 a.C.,"Local da descida e da perseguição dos inimigos, onde caiu uma forte chuva de granizo",Josué,Canaã,Bete-Horom e Azeca,,
c. 1395 a.C.,c. 1370 a.C.,Divisão da Terra Prometida entre as Doze Tribos,Josué / Eleazar,Canaã,,,
c. 1395 a.C.,c. 1395 a.C.,Líder da Tribo de Judá na partilha da terra,Calebe (filho de Jefoné),Canaã,,,
c. 1395 a.C.,c. 1395 a.C.,Líder da Tribo de Simeão na partilha da terra,Semuel (filho de Amiúde),Canaã,,,
c. 1395 a.C.,c. 1395 a.C.,Líder da Tribo de Benjamim na partilha da terra,Elidade (filho de Cislom),Canaã,,,
c. 1395 a.C.,c. 1395 a.C.,Líder da Tribo de Dã na partilha da terra,Buqui (filho de Jogli),Canaã,,,
c. 1395 a.C.,c. 1395 a.C.,Líder da Tribo de Manassés na partilha da terra,Haniel (filho de Efode),Canaã,,,
c. 1395 a.C.,c. 1395 a.C.,Líder da Tribo de Efraim na partilha da terra,Quemuel (filho de Siftã),Canaã,,,
c. 1395 a.C.,c. 1395 a.C.,Líder da Tribo de Zebulom na partilha da terra,Elizafã (filho de Parnaque),Canaã,,,
c. 1395 a.C.,c. 1395 a.C.,Líder da Tribo de Issacar na partilha da terra,Paltiel (filho de Azã),Canaã,,,
c. 1395 a.C.,c. 1395 a.C.,Líder da Tribo de Aser na partilha da terra,Ahiúde (filho de Selomi),Canaã,,,
c. 1395 a.C.,c. 1395 a.C.,Líder da Tribo de Naftali na partilha da terra,Pedahel (filho de Amiúde),Canaã,,,
c. 1370 a.C.,c. 1370 a.C.,Transição para o governo dos Anciãos (Zeqenim) após a morte de Josué,Anciãos das Tribos,Canaã,,,
c. 1400 a.C.,c. 1390 a.C.,Calebe prometeu dar sua filha Acsa em casamento a quem conquistasse Debir,Otniel ben Quenaz / Calebe / Acsa,Judá,Quiriate-Sefer (Debir),"Calebe prometeu dar sua filha Acsa em casamento a quem conseguisse conquistar a cidadela cananeia de Debir. Otniel aceitou o desafio, liderou o ataque e tomou a cidade. Ele casou-se com Acsa e recebeu como dote terras na região do Neguebe, junto com fontes de água essenciais.",
c. 1382 a.C.,c. 1374 a.C.,Período de Opressão Arã-Naaraim (mesopotâmia),Israel / Cusã-Risataim,Israel,,"Por terem se afastado de suas práticas religiosas e adotado o culto aos deuses locais (Baal e Aserá), os israelitas foram entregues ao domínio de Cusã-Risataim, o poderoso rei de Arã-Naaraim (região correspondente ao noroeste da Mesopotâmia, atual Síria/Iraque). O povo viveu sob forte subjugação e cobrança de tributos por oito anos.",
c. 1374 a.C.,c. 1374 a.C.,O Chamado e o Conflito Armado,Otniel ben Quenaz / Cusã-Risataim,,,"Diante do clamor de socorro dos israelitas, o Espírito do Senhor veio sobre Otniel. Ele assumiu formalmente a liderança política e jurídica do povo (tornou-se juiz) e organizou um exército. Otniel marchou para a guerra e derrotou as forças de Cusã-Risataim, expulsando os opressores definitivamente e restaurando a soberania de Israel.",
c. 1374 a.C.,c. 1334 a.C.,O Período de Magistratura e Paz,Otniel ben Quenaz,Judá,Hebrom / Debir,"Após a vitória militar, Otniel governou e pacificou a terra por quatro décadas. Sob sua liderança estável, a ordem social e religiosa foi mantida até a sua morte por causas naturais (por volta de 1334 a.C.), momento em que a nação voltou a cair em declínio, abrindo caminho para a opressão de Eglom, o rei moabita.",
c. 1370 a.C.,c. 1330 a.C.,Sumo Sacerdócio de Fineias,Fineias (Sumo Sacerdote),Canaã,,,
c. 1360 a.C.,c. 1360 a.C.,Roubo e devolução das 1.100 moedas de prata de Mica,Mica e sua mãe,Canaã,Região montanhosa de Efraim,"Mica devolveu as pratas roubadas da própria mãe; para consagrar o valor, sua mãe mandou fundir uma imagem esculpida e uma fundida.",Juízes 17:1-4
c. 1360 a.C.,c. 1360 a.C.,Erigimento do santuário doméstico e consagração do filho,Mica e seu filho,Canaã,Região montanhosa de Efraim,"Mica estabeleceu um santuário privado contendo um efode e terafins, e consagrou um de seus filhos para atuar como seu sacerdote.",Juízes 17:5-6
c. 1360 a.C.,c. 1360 a.C.,Contratação do levita Jônatas para sacerdote privado,Mica e Jônatas (levita de Belém),Canaã,Região montanhosa de Efraim,"Um jovem levita vindo de Belém de Judá foi contratado por Mica por dez moedas de prata anuais, vestuário e sustento para agir como seu sacerdote.",Juízes 17:7-13
c. 1360 a.C.,c. 1360 a.C.,Expedição dos cinco espias de Dã e consulta ao oráculo,Cinco espias da tribo de Dã e Jônatas,Canaã,Região montanhosa de Efraim,"Buscando território por falta de herança consolidada, espias danitas passaram pela casa de Mica e pediram ao levita que consultasse a Deus sobre a viagem.",Juízes 18:1-6
c. 1360 a.C.,c. 1360 a.C.,Saque dos objetos sagrados e aliciamento do sacerdote levita,"600 guerreiros danitas, Mica e Jônatas",Canaã,Região montanhosa de Efraim,"A tropa danita tomou o ídolo, o efode e os terafins da casa de Mica, convencendo o levita a ser sacerdote de uma tribo inteira em vez de uma só casa.",Juízes 18:14-26
c. 1360 a.C.,c. 1360 a.C.,Conquista de Laís e instituição do culto idólatra no Norte,Tribo de Dã e Jônatas (descendente de Moisés),Canaã (Extremo Norte),Laís (renomeada para Dã),"Os danitas atacaram a cidade isolada de Laís, queimaram-na, reconstruíram-na como Dã e erigiram a imagem esculpida, mantendo o culto por gerações.",Juízes 18:27-31
c. 1343 a.C.,c. 1325 a.C.,A Invasão e a Opressão Moabita,Eglom,Benjamim / Moabe,Jericó,"O rei Eglom, de Moabe, aliou-se aos amalequitas e amonitas para cruzar o rio Jordão e invadir Israel. Ele capturou Jericó e estabeleceu ali uma residência fortificada de verão para controlar as tribos israelitas e coletar pesados tributos anuais de submissão.",
c. 1334 a.C.,c. 1325 a.C.,Invasão e incursões rápidas dos filisteus,Filisteus,Dã / Judá / Efraim,,"Israel sofria com incursões rápidas e violentas de saqueadores filisteus. De acordo com o posterior Cântico de Débora (Juízes 5:6), nos dias de Sangar ""os caminhos principais estavam desertos, e os viajantes seguiam por trilhas sinuosas"". O comércio havia parado e os camponeses não podiam cultivar suas terras devido ao medo dos ataques. Além disso, o povo havia sido desarmado pelos opressores.",
c. 1325 a.C.,c. 1325 a.C.,Preparação da Arma Secreta,Eúde,Benjamim,Jericó,"Diante do clamor do povo, Eúde é escolhido como o libertador. Sendo canhoto, ele cria uma estratégia audaciosa: fabrica secretamente uma espada de dois gumes com cerca de 45 centímetros (um côvado). Ele amarra a arma na sua coxa direita, debaixo de suas vestes — um local incomum onde as guardas reais do palácio não costumavam revistar, pois esperavam armas no lado esquerdo (para guerreiros destros).",
c. 1325 a.C.,c. 1325 a.C.,Entrega do Tributo e o Retorno Solitário,Eúde,Benjamim,Jericó / Gilgal,"Eúde lidera a comitiva israelita que vai até o palácio de Eglom em Jericó para entregar o tributo anual. Após a entrega, ele despacha os carregadores de volta para casa. No entanto, ao chegar à região de Gilgal (onde ficavam os monumentos de pedra), Eúde decide dar meia-volta sozinho e regressar ao palácio real.",
c. 1325 a.C.,c. 1325 a.C.,Assassinato do Rei Eglom,Eúde / Eglom,Benjamim,Jericó Sala de Verão,"Eúde consegue uma audiência privada com o rei dizendo ter ""uma palavra secreta de Deus"". O obeso rei Eglom se levanta do trono em respeito. Sendo canhoto, Eúde saca rapidamente a espada com a mão esquerda e a crava com tanta força na barriga do rei que o cabo entra junto com a lâmina, e a gordura do monarca fecha-se sobre a arma. Eúde tranca as portas do quarto por dentro e foge.",
c. 1325 a.C.,c. 1325 a.C.,Fuga de Eúde,Eúde,Efraim,Seirá,"Enquanto os servos do rei hesitam em abrir a porta trancada (achando que o rei estava fazendo suas necessidades), Eúde ganha tempo e foge além dos monumentos de pedra de Gilgal, refugiando-se em Seirá e subindo as montanhas seguras de Efraim.",Juízes 3:26-27
c. 1325 a.C.,c. 1325 a.C.,Convocação Geral e a Batalha dos Vaus do Jordão,Eúde / exército de Israel,Israel,Vaus do Rio Jordão,"Já na região montanhosa, Eúde toca o shofar (corneta de chifre de carneiro) e convoca o exército de Israel. Eles descem as colinas e assumem o controle estratégico dos vaus do rio Jordão. O exército intercepta os moabitas que tentavam fugir de volta para a sua terra natal. Naquela batalha, os israelitas mataram cerca de 10.000 soldados moabitas valentes, eliminando completamente a guarnição inimiga.",
c. 1325 a.C.,c. 1245 a.C.,Longo Período de Paz,,Israel,,"Após a vitória avassaladora liderada por Eúde, o domínio moabita foi quebrado e a terra desfrutou do maior período de paz contínua registrado em todo o livro de Juízes (80 anos), estabilidade que durou até a morte de Eúde.",
,,,,,,,
c. 1325 a.C.,c. 1325 a.C.,Batalha Solo com a Aguilhada de Bois e morte de 600 filisteus,Samgar ben Anate / Filisteus,Dã / Judá,,"Sem armas de guerra convencionais (como espadas ou lanças), Sangar utilizou o que tinha à disposição: uma aguilhada de bois — um longo bastão de madeira (cerca de 2 a 2,5 metros) que possuía uma ponta de metal em uma extremidade para guiar o gado e uma raspadeira de ferro na outra para limpar o arado. Sozinho, sob a capacitação divina, ele enfrentou um exército ou bando de saqueadores e matou 600 filisteus, interrompendo temporariamente a expansão inimiga e libertando os vilarejos locais do terror.",Juízes 3:31
c. 1325 a.C.,c. 1318 a.C.,Trégua contra os filisteus,,Israel,,"Embora não haja registros de que Sangar tenha governado por décadas como Otniel ou Gideão, seu ato heroico garantiu uma trégua crucial contra os filisteus. Ele manteve a resistência de Israel viva até que a liderança nacional se deslocasse para o norte com o surgimento da profetisa Débora.",
c. 1270 a.C.,c. 1250 a.C.,Opressão Cananeia - Submissão e domínio tecnológico.,Jabim / Sísera,Israel,Hazor / Harosete-Hagoim," Durante quase duas décadas, os israelitas sofreram forte opressão econômica e militar. O rei Jabim controlava as rotas comerciais no norte. Sísera mantinha as tribos isoladas e aterrorizadas a partir de sua base militar (Harosete-Hagoim) usando uma força imbatível de 900 carros de guerra feitos de ferro. Não havia exército ou batalhas por parte de Israel; o povo vivia escondido e desarmado.",
c. 1250 a.C.,c. 1250 a.C.,Insegurança e bloqueio das rotas comerciais por investidas filisteias,Povo de Israel / Filisteus,Canaã,Estradas e vales da planície costeira,As estradas principais ficaram desertas e os viajantes precisavam recorrer a caminhos desviados devido aos ataques e saques dos filisteus.,Juízes 5:6
c. 1250 a.C.,c. 1250 a.C.,Libertação de Israel da ameaça filisteia por Samgar,Samgar (filho de Anate),Canaã,Planície costeira (Fronteira com a Filístia),"Com uma simples aguilhada de bois (ferramenta agrícola), Samgar feriu 600 homens filisteus e libertou Israel de uma opressão incipiente.",Juízes 3:31
c. 1230 a.C.,c. 1210 a.C.,Opressão de vinte anos pelo reino cananeu de Hazor,Jabim (rei de Canaã) e Sísera (comandante),Canaã,Hazor / Harosete-dos-Gentios,"Após a morte de Eúde, Israel voltou a fazer o que era mau. Jabim oprimiu cruelmente os israelitas com sua força militar de 900 carros de ferro.",Juízes 4:1-3
c. 1210 a.C.,c. 1210 a.C.,Convocação profética de Baraque sob a palmeira de Débora,Débora (profetisa e juíza) e Baraque,Canaã,Entre Ramá e Betel (Monte Efraim),Débora julgava Israel sob uma palmeira e transmitiu a ordem divina para Baraque reunir 10.000 homens das tribos de Naftali e Zebulom.,Juízes 4:4-10
c. 1210 a.C.,c. 1210 a.C.,Concentração das forças israelitas no Monte Tabor,Baraque e Débora,Canaã,Monte Tabor,"Baraque reuniu as tropas das tribos do norte no topo do monte, preparando-se para o confronto direto contra o exército de Sísera.",Juízes 4:12-14
c. 1210 a.C.,c. 1210 a.C.,Batalha do Ribeiro de Cissom e aniquilação dos carros de ferro,"Baraque, Sísera e exército israelita",Canaã,Vale de Jezreel / Ribeiro de Cissom,Deus desbaratou Sísera e seus 900 carros; uma tempestade e a subsequente inundação atolaram os carros de ferro no ribeiro de Cissom.,Juízes 4:15-16; Juízes 5:20-21
c. 1210 a.C.,c. 1210 a.C.,Fuga de Sísera e execução na tenda de Jael,"Sísera e Jael (esposa de Héber, o queneu)",Canaã,Zaanaim (perto de Quedes),"Sísera fugiu a pé para a tenda de Jael. Enquanto dormia exausto, Jael cravou uma estaca de tenda em sua têmpora, cumprindo a profecia de Débora.",Juízes 4:17-22
c. 1210 a.C.,c. 1191 a.C.,Destruição do domínio de Jabim e pacificação da terra,"Baraque, Débora e líderes israelitas",Canaã,Hazor / Região do Norte,"O poder do rei Jabim foi progressivamente suprimido por Israel até que ele foi totalmente destruído, resultando em 40 anos de paz na região.",Juízes 4:23-24; Juízes 5:31
c. 1167 a.C.,c. 1160 a.C.,Opressão midianita de sete anos sobre Israel,Midianitas / Povo de Israel,Canaã,Vales e cavernas de Israel,"Midianitas, amalequitas e povos do Oriente destruíam as colheitas, forçando os israelitas a se esconderem em covas e cavernas.",Juízes 6:1-6
c. 1160 a.C.,c. 1160 a.C.,Chamado de Gideão pelo Anjo do Senhor,Anjo do Senhor / Gideão,Canaã,Ofra (Manassés),"O Anjo do Senhor aparece a Gideão enquanto este malhava trigo num lagar para esconder dos midianitas, chamando-o de homem valente.",Juízes 6:11-18
c. 1160 a.C.,c. 1160 a.C.,Destruição do altar de Baal e construção do altar a Yahweh,Gideão,Canaã,Ofra (Manassés),"Gideão derruba o altar de Baal de seu pai e corta o poste-ídolo de noite, recebendo o nome de Jerubaal.",Juízes 6:25-32
c. 1160 a.C.,c. 1160 a.C.,Sinal da lã molhada e enxuta,Gideão,Canaã,Ofra (Manassés),Gideão pede dois sinais a Deus usando uma porção de lã na eira para confirmar que salvaria Israel.,Juízes 6:36-40
c. 1160 a.C.,c. 1160 a.C.,Seleção dos 300 guerreiros na Fonte de Harode,Gideão / Exército de Israel,Canaã,Fonte de Harode (Vale de Jezreel),"Deus reduz o exército de 32.000 para 300 homens com base no teste da água, para que Israel não se gloriasse da vitória.",Juízes 7:1-8
c. 1160 a.C.,c. 1160 a.C.,Infiltração no acampamento e o sonho do pão de cevada,Gideão e Pura,Canaã,Vale de Jezreel,"Gideão ouve um soldado midianita contando um sonho sobre um pão de cevada que derrubava a tenda, confirmando a vitória divina.",Juízes 7:9-14
c. 1160 a.C.,c. 1160 a.C.,"Ataque noturno com cornetas, cântaros e tochas",Gideão / Os 300 guerreiros,Canaã,Vale de Jezreel,Os 300 atacam em três companhias tocando cornetas e quebrando cântaros com tochas; os midianitas entram em pânico e lutam entre si.,Juízes 7:16-22
c. 1160 a.C.,c. 1160 a.C.,Perseguição aos midianitas e execução de Orebe e Zebe,Gideão / Tribo de Efraim,Transjordânia,Vados do Jordão / Orebe e Zebe,A tribo de Efraim captura e mata os príncipes midianitas Orebe e Zebe nos vados do Jordão.,Juízes 7:23-25; 8:1-3
c. 1160 a.C.,c. 1160 a.C.,Castigo às cidades de Sucote e Penuel,Gideão / Homens de Sucote e Penuel,Transjordânia,Sucote / Penuel,"Por negarem pão aos homens de Gideão durante a perseguição a Zeba e Salmuna, Gideão castiga os anciãos de Sucote e derruba a torre de Penuel.",Juízes 8:4-17
c. 1160 a.C.,c. 1160 a.C.,Execução dos reis Zeba e Salmuna e recusa da coroa,Gideão / Zeba e Salmuna,Transjordânia,Carcor,"Gideão mata os reis midianitas e recusa o convite para governar como rei sobre Israel, declarando que o Senhor governaria.",Juízes 8:18-23
c. 1155 a.C.,c. 1155 a.C.,Confecção do éfode de ouro em Ofra,Gideão,Canaã,Ofra (Manassés),"Gideão recolhe argolas de ouro do despojo e faz um éfode, que mais tarde se torna laço e objeto de idolatria para Israel.",Juízes 8:24-27
c. 1120 a.C.,c. 1120 a.C.,Morte de Gideão e nova apostasia de Israel,Gideão / Povo de Israel,Canaã,Ofra / Siquém,"Após 40 anos de paz sob Gideão, ele morre e Israel volta a se prostituir com os Baalins, fazendo de Baal-Berite o seu deus.",Juízes 8:28-35
c. 1120 a.C.,c. 1120 a.C.,Massacre dos 70 filhos de Gideão e usurpação de Abimeleque,Abimeleque / Cidadãos de Siquém,Canaã,Ofra / Siquém,"Abimeleque, filho da concubina de Gideão, mata seus 70 meio-irmãos sobre uma pedra em Ofra e se proclama rei em Siquém.",Juízes 9:1-6
c. 1120 a.C.,c. 1120 a.C.,Parábola das árvores proferida por Jotão,Jotão (filho caçula de Gideão),Canaã,Monte Gerizim,"Jotão, o único sobrevivente do massacre, profere a parábola do espinheiro no Monte Gerizim, alertando contra a tirania de Abimeleque.",Juízes 9:7-21
c. 1117 a.C.,c. 1117 a.C.,Rebelião de Gaal e conspiração contra Abimeleque,Gaal / Zebul / Abimeleque,Canaã,Siquém,Um espírito de aversão enviado por Deus surge entre Abimeleque e os homens de Siquém; Gaal lidera a rebelião local.,Juízes 9:22-29
c. 1117 a.C.,c. 1117 a.C.,Destruição de Siquém e massacre na torre de Baal-Berite,Abimeleque,Canaã,Siquém / Torre de Siquém,"Abimeleque derrota Gaal, destrói Siquém, semeia-a com sal e queima a torre de Siquém com cerca de mil pessoas dentro.",Juízes 9:30-49
c. 1117 a.C.,c. 1117 a.C.,Cerco de Tebes e morte de Abimeleque por uma pedra de moinho,Abimeleque / Mulher anônima,Canaã,Tebes,"Ao cercar a torre forte de Tebes, uma mulher lança uma pedra mó superior sobre a cabeça de Abimeleque, e ele pede ao seu escudeiro que o mate.",Juízes 9:50-57
c. 1117 a.C.,c. 1094 a.C.,Liderança e juizado de Tola por 23 anos,Tola (filho de Puá),Canaã,Shamir (Monte Efraim),"Tola, da tribo de Issacar, surge para livrar Israel e julga o país por 23 anos em paz, habitando em Shamir.",Juízes 10:1-2
c. 1094 a.C.,c. 1072 a.C.,Liderança e juizado de Jair por 22 anos,"Jair, o gileadita",Transjordânia,Gileade,Jair lidera Israel por 22 anos; seus 30 filhos cavalgavam 30 jumentos e governavam 30 cidades chamadas Havote-Jair.,Juízes 10:3-5
c. 1090 a.C.,c. 1072 a.C.,Nova apostasia e opressão amonita e filisteia por 18 anos,Amonitas / Filisteus / Israelitas,Transjordânia / Canaã,Gileade / Judá / Benjamim,"Israel serve aos deuses de várias nações; os amonitas oprimem os israelitas na Transjordânia e atacam Judá, Benjamim e Efraim.",Juízes 10:6-18
c. 1090 a.C.,c. 1050 a.C.,Início da opressão filisteia de 40 anos no Sudoeste,Filisteus / Povo de Israel,Filístia / Canaã,Sul de Canaã e Filístia,"Israel torna a fazer o que era mau perante o Senhor, que os entrega nas mãos dos filisteus por quarenta anos.",Juízes 13:1
c. 1090 a.C.,c. 1090 a.C.,Anunciação do nascimento de Sansão ao casal de Zorá,Anjo do Senhor / Manoá e sua esposa,Canaã,Zorá (Dã/Judá),"O Anjo do Senhor aparece à esposa estéril de Manoá, anunciando um filho consagrado como nazireu desde o ventre para livrar Israel.",Juízes 13:2-25
c. 1072 a.C.,c. 1072 a.C.,Chamado de Jefté pelos anciãos de Gileade,Jefté e Anciãos de Gileade,Transjordânia,Terra de Tob / Mizpá,"Jefté, expulso por ser filho de uma prostituta, é chamado de volta da terra de Tob para liderar Gileade contra os amonitas.",Juízes 11:1-11
c. 1072 a.C.,c. 1072 a.C.,Negociação diplomática frustrada de Jefté com o rei de Amom,Jefté e Rei de Amom,Transjordânia,Gileade / Amom,"Jefté envia mensageiros argumentando os direitos históricos de Israel sobre a terra desde o Êxodo, mas o rei amonita recusa o diálogo.",Juízes 11:12-28
c. 1072 a.C.,c. 1072 a.C.,Voto imprudente de Jefté antes da batalha,Jefté,Transjordânia,Mizpá de Gileade,Jefté faz um voto ao Senhor de oferecer como holocausto o primeiro que saísse da sua casa ao retornar vitorioso.,Juízes 11:29-31
c. 1072 a.C.,c. 1072 a.C.,Derrota avassaladora dos amonitas de Aroer até Minite,Jefté e Exército amonita,Transjordânia,Aroer / Minite / Abel-Keramim,"O Espírito do Senhor vem sobre Jefté, que derrota os amonitas devastando 20 cidades, subjugando o inimigo.",Juízes 11:32-33
c. 1072 a.C.,c. 1072 a.C.,Cumprimento do voto e lamentação da filha de Jefté,Jefté e sua filha única,Transjordânia,Mizpá de Gileade,"A filha única de Jefté sai ao seu encontro com tamborins; após dois meses chorando sua virgindade nos montes, Jefté cumpre seu voto.",Juízes 11:34-40
c. 1072 a.C.,c. 1072 a.C.,Conflito com Efraim nos vados do Jordão e a senha Shibboleth,Jefté / Gileaditas / Efraimitas,Canaã / Transjordânia,Vados do Rio Jordão,Os efraimitas ameaçam Jefté por não os ter chamado para a guerra; os gileaditas fecham o Jordão e matam 42.000 efraimitas identificados pelo termo Shibboleth.,Juízes 12:1-7
c. 1070 a.C.,c. 1070 a.C.,Casamento em Timna e o enigma do leão e do mel,Sansão / Mulher timnata / Filisteus,Filístia,Timna,"Sansão mata um leão novo, acha mel na carcaça e propõe um enigma nas bodas; a noiva descobre a resposta e a revela aos filisteus.",Juízes 14:1-18
c. 1070 a.C.,c. 1070 a.C.,Vingança em Ascalom e a queima das colheitas com raposas,Sansão e Filisteus,Filístia,Ascalom / Timna,"Sansão mata 30 homens em Ascalom para pagar os vestuários do enigma. Mais tarde, usa 300 raposas com tochas para queimar as searas dos filisteus.",Juízes 14:19–15:5
c. 1070 a.C.,c. 1070 a.C.,Batalha em Lehi e a vitória com a queixada de jumento,Sansão / Homens de Judá / Filisteus,Canaã,Rocha de Etã / Lehi (Judá),"Entregue amarrado pelos homens de Judá, o Espírito do Senhor vem sobre Sansão, que rompe as cordas e mata mil filisteus com uma queixada fresca de jumento.",Juízes 15:9-17
c. 1060 a.C.,c. 1060 a.C.,Remoção dos portões da cidade de Gaza até Hebrom,Sansão e Povo de Gaza,Filístia / Canaã,Gaza / Monte defronte de Hebrom,"Cercado por filisteus em Gaza na casa de uma prostituta, Sansão arranca as portas do portão da cidade com os umbrais e tranca, carregando-as nos ombros até Hebrom.",Juízes 16:1-3
c. 1050 a.C.,c. 1050 a.C.,Sedução por Dalila e perda do segredo do nazireado,Sansão / Dalila / Príncipes filisteus,Filístia,Vale de Soreque,"Subornado pelos príncipes filisteus, Dalila insiste até Sansão revelar que a lâmina nunca passara por sua cabeça; seu cabelo é cortado enquanto dorme e ele perde a força.",Juízes 16:4-20
c. 1050 a.C.,c. 1050 a.C.,"Cativeiro, cegueira e ruína do Templo de Dagão em Gaza",Sansão e Filisteus,Filístia,Gaza (Templo de Dagão),"Cego e encarregado de moer no cárcere, Sansão recupera o cabelo. Durante um festival a Dagão, pede a Deus força final, empurra as colunas do templo e mata mais filisteus na morte do que em vida.",Juízes 16:21-31
c. 1110 a.C.,c. 1110 a.C.,Migração da família de Elimeleque para Moabe devido à fome,"Elimeleque, Noemi, Malom e Quiliom",Judá / Moabe,Belém de Judá / Campos de Moabe,"Durante um período de escassez no tempo dos Juízes, Elimeleque deixa Belém com sua esposa e dois filhos para peregrinar na terra estrangeira de Moabe.",Rute 1:1-2
c. 1108 a.C.,c. 1100 a.C.,Morte de Elimeleque e casamento dos filhos com moabitas,"Noemi, Malom, Quiliom, Rute e Orfa",Moabe (Estrangeiro),Campos de Moabe,Elimeleque morre em Moabe. Seus dois filhos casam-se com mulheres moabitas (Rute e Orfa) e habitam naquela terra por cerca de dez anos.,Rute 1:3-4
c. 1100 a.C.,c. 1100 a.C.,Morte de Malom e Quiliom e a desolação de Noemi,"Noemi, Rute e Orfa",Moabe (Estrangeiro),Campos de Moabe,"Malom e Quiliom morrem sem deixar herdeiros, deixando Noemi desamparada, viúva e sem os seus dois filhos em solo estrangeiro.",Rute 1:5
c. 1100 a.C.,c. 1100 a.C.,Decisão de retorno e o pacto irrestrito de fidelidade de Rute,"Noemi, Rute e Orfa",Moabe / Judá (Tribo de Judá),Caminho de Moabe para Belém,"Ao saber que Deus abençoou Judá com pão, Noemi decide voltar. Orfa retorna ao seu povo, mas Rute declara: ""Teu povo será o meu povo, e o teu Deus o meu Deus"".",Rute 1:6-18
c. 1100 a.C.,c. 1100 a.C.,Chegada a Belém no início da colheita da cevada,"Noemi, Rute e Mulheres de Belém",Judá (Tribo de Judá),Belém de Judá,"A cidade se comove com a chegada de Noemi; abalada pelo sofrimento, ela pede para ser chamada de Mara (""amarga""), pois o Senhor a fez voltar vazia.",Rute 1:19-22
c. 1100 a.C.,c. 1100 a.C.,Rute vai respigar e chega ao campo do parente Boaz,"Rute, Boaz e Trabalhadores",Judá (Tribo de Judá),Campos agrícolas de Belém,"Buscando sustento para a sogra, Rute vai respigar sobras da colheita e chega por providência ao campo de Boaz, resgatador (Gō’ēl) da família de Elimeleque.",Rute 2:1-3
c. 1100 a.C.,c. 1100 a.C.,"Proteção, provisão e favores concedidos por Boaz a Rute",Boaz e Rute,Judá (Tribo de Judá),Campos de Belém,"Boaz elogia a bondade de Rute para com Noemi, proíbe que a molestem, permite que beba de sua água, coma com os ceifeiros e ordena que deixem cair espigas para ela.",Rute 2:4-17
c. 1100 a.C.,c. 1100 a.C.,Revelação do parentesco e instrução de Noemi sobre o Gō’ēl,Noemi e Rute,Judá (Tribo de Judá),Belém de Judá,"Rute retorna com um efa de cevada. Noemi reconhece a mão de Deus, revela que Boaz é parente resgatador e instrui Rute sobre como pedir a redenção na eira.",Rute 2:18-23; Rute 3:1-5
c. 1100 a.C.,c. 1100 a.C.,O encontro noturno na eira e o pedido do manto de redenção,Rute e Boaz,Judá (Tribo de Judá),Eira de Boaz em Belém,"Rute deita-se aos pés de Boaz à noite e pede que estenda sua capa sobre ela por ser resgatador; Boaz aceita o compromisso, ressalvando que há um parente mais próximo.",Rute 3:6-18
c. 1100 a.C.,c. 1100 a.C.,Assembleia no portão da cidade e renúncia do resgatador mais próximo,"Boaz, Parente Anônimo (Ploni Almoni) e 10 Anciãos",Judá (Tribo de Judá),Portão da cidade de Belém,"Boaz reúne os anciãos no portão. O parente mais próximo desiste da compra das terras ao saber que devia casar com Rute, tirando o sapato e transferindo o direito a Boaz.",Rute 4:1-12
c. 1099 a.C.,c. 1099 a.C.,Casamento de Boaz e Rute e o nascimento de Obede,"Boaz, Rute, Noemi, Obede e Mulheres de Belém",Judá (Tribo de Judá),Belém de Judá,"Boaz casa-se com Rute e Deus lhe concede conceber Obede. As mulheres celebram com Noemi, que se torna ama do menino; Obede é pai de Jessé e avô de Davi.",Rute 4:13-17
c. 1099 a.C.,c. 1040 a.C.,Consolidação da genealogia messiânica de Peres ao Rei Davi,"Peres, Salmão, Boaz, Obede, Jessé e Davi",Judá (Tribo de Judá),Belém de Judá,"O livro encerra-se com a genealogia formal de dez gerações ligando Peres a Davi, demonstrando a providência divina na preservação da linhagem real e messiânica.",Rute 4:18-22
c. 1148 a.C.,c. 1050 a.C.,Vida e juizado do Sumo Sacerdote e Juiz Eli,Eli,Efraim,Siló,Eli atuou como sumo sacerdote e julgou Israel por 40 anos. Faleceu aos 98 anos ao saber da captura da Arca e da morte de seus filhos.,1 Samuel 1:3; 1 Samuel 4:15-18
c. 1105 a.C.,c. 1012 a.C.,Vida e ministério do Profeta e Juiz Samuel,Samuel,Efraim / Benjamim,Ramá / Siló / Mizpá,Último juiz e primeiro grande profeta da era monárquica; ungiu Saul e Davi como reis sobre Israel. Viveu cerca de 93 anos.,1 Samuel 1:20; 1 Samuel 25:1
c. 1105 a.C.,c. 1105 a.C.,Oração de Ana e promessa de dedicação de Samuel,"Ana, Elcana e Eli",Efraim,Siló (Tabernáculo),"Ana, mulher estéril, ora fervorosamente no Tabernáculo e faz um voto de entregar o filho ao Senhor como nazireu por toda a vida.",1 Samuel 1:9-28
c. 1093 a.C.,c. 1093 a.C.,Chamado profético noturno de Samuel,Samuel e Eli,Efraim,Siló (Tabernáculo),Deus chama Samuel três vezes durante a noite e revela o juízo irreversível que viria sobre a casa sacerdotal de Eli.,1 Samuel 3:1-21
c. 1050 a.C.,c. 1050 a.C.,"Batalha de Afec, morte dos filhos de Eli e captura da Arca","Eli, Hofni, Fineias e Filisteus",Benjamim / Efraim,Afec / Siló,"Os filisteus derrotam Israel, capturam a Arca da Aliança e matam Hofni e Fineias; Eli morre ao cair da cadeira e Siló é destruída.",1 Samuel 4:1-22
c. 1050 a.C.,c. 1049 a.C.,A Arca nas cidades filisteias e a humilhação do deus Dagão,Filisteus e Povo de Bete-Semes,Filístia / Judá,Asdode / Gate / Ecrom / Quiriat-Jearim,"O deus Dagão cai decapitado perante a Arca em Asdode, e as cidades filisteias são atingidas por tumores até devolverem a Arca em uma carroça nova.",1 Samuel 5:1–7:2
c. 1040 a.C.,c. 965 a.C.,Vida do Sumo Sacerdote Abiatar,Abiatar,Benjamim / Judá,Nobe / Jerusalém / Anatote,"Filho de Aimeleque, único sobrevivente do massacre de Nobe; serviu como sacerdote de Davi no deserto e no reino, sendo deposto por Salomão.",1 Samuel 22:20-23; 1 Reis 2:26-27
c. 1040 a.C.,c. 970 a.C.,Período de vida e atuação do Profeta Natã,Natã,Judá,Jerusalém,"Profeta do reino de Davi; comunicou a Aliança Davídica, repreendeu o rei pelo pecado com Bate-Seba e garantiu a sucessão de Salomão.",2 Samuel 7:1-17; 2 Samuel 12:1-15
c. 1035 a.C.,c. 970 a.C.,Período de vida e atuação do Profeta e Vidente Gade,Gade,Judá,Deserto de Judá / Jerusalém,"Vidente pessoal de Davi; aconselhou o rei durante a fuga de Saul e anunciou a punição divina após o censo, orientando a compra da eira de Araúna.",1 Samuel 22:5; 2 Samuel 24:11-19
c. 1035 a.C.,c. 960 a.C.,Vida e ministério do Sumo Sacerdote Zadoque,Zadoque,Judá / Benjamim,Hebrom / Jerusalém,"Descendente de Eleazar; permaneceu fiel a Davi durante as revoltas de Absalão e Adonias, tornando-se o sumo sacerdote principal sob Salomão.",2 Samuel 8:17; 1 Reis 1:38-39
c. 1030 a.C.,c. 1030 a.C.,Reavivamento em Mizpá e o monumento Ebenézer,Samuel e Povo de Israel,Benjamim,Mizpá,"Israel jejua e confessa seus pecados; Deus ruge com trovões sobre os filisteus em combate, e Samuel ergue a pedra Ebenézer (""Até aqui nos ajudou o Senhor"").",1 Samuel 7:3-14
c. 1030 a.C.,c. 1030 a.C.,Exigência do povo por um rei e rejeição dos filhos de Samuel,"Samuel, Joel, Abias e Anciãos",Efraim,Ramá,"Devido à corrupção dos filhos de Samuel (Joel e Abias) e ao desejo de serem como as outras nações, os anciãos exigem a unção de um rei.",1 Samuel 8:1-22
c. 1030 a.C.,c. 1030 a.C.,Busca das jumentas de Quis e unção secreta de Saul,Saul e Samuel,Benjamim / Efraim,Zufe / Ramá,"Saul procura as jumentas perdidas do pai, consulta o profeta Samuel em Ramá e é unxido secretamente como o primeiro rei de Israel.",1 Samuel 9:1–10:8
c. 1030 a.C.,c. 1030 a.C.,Aclamação pública de Saul por sorteio em Mizpá,Saul e Samuel,Benjamim,Mizpá,"Samuel reúne o povo em Mizpá e realiza um sorteio pelas tribos e famílias até a escolha recair sobre Saul, que estava escondido entre a bagagem.",1 Samuel 10:17-27
c. 1030 a.C.,c. 1030 a.C.,Socorro a Jabes-Gileade e confirmação do reino em Gilgal,"Saul, Naás (amonita) e Samuel",Gileade (Gade) / Benjamim,Jabes-Gileade / Gilgal,"Naás amonita exige furar o olho direito dos habitantes de Jabes; Saul reúne o exército, massacra os amonitas e tem seu reinado confirmado em Gilgal.",1 Samuel 11:1-15
c. 1028 a.C.,c. 1028 a.C.,Usurpação sacerdotal de Saul e primeiro anúncio de rejeição,Saul e Samuel,Benjamim,Gilgal,"Diante da demora de Samuel e da dispersão das tropas em Gilgal, Saul oferece impacientemente o holocausto, e Samuel profetiza a perda de sua dinastia.",1 Samuel 13:1-15
c. 1027 a.C.,c. 1027 a.C.,Ato heroico de Jônatas no desfiladeiro de Micmãs,"Jônatas, Escudeiro e Saul",Benjamim,Micmãs / Geba,"Jônatas e seu escudeiro escalam as rochas e atacam sozinhos o posto avançado filisteu, provocando pânico e debandada no acampamento inimigo.",1 Samuel 14:1-23
c. 1020 a.C.,c. 1020 a.C.,Desobediência no combate aos amalequitas e rejeição definitiva,"Saul, Samuel e Agague",Judá / Benjamim,Telaim / Gilgal,"Saul poupa o rei Agague e os melhores animais de Amaleque; Samuel o confronta com a famosa declaração ""obedecer é melhor que sacrificar"" e executa Agague.",1 Samuel 15:1-35
c. 1020 a.C.,c. 1015 a.C.,Período de vida e martírio do Sacerdote Aimeleque,Aimeleque,Benjamim,Nobe,"Sumo sacerdote de Nobe (bisneto de Eli); acolheu Davi faminto e lhe deu a espada de Golias, sendo executado por Saul após denúncia de Doegue.",1 Samuel 21:1-9; 1 Samuel 22:11-19
c. 1018 a.C.,c. 1018 a.C.,Unção secreta de Davi em Belém,"Davi, Samuel e Jessé",Judá,Belém,"Samuel é enviado por Deus à casa de Jessé em Belém e unge o caçula Davi no meio de seus irmãos, enquanto o Espírito do Senhor se retira de Saul.",1 Samuel 16:1-13
c. 1017 a.C.,c. 1017 a.C.,Davi ingressa no palácio como harpista e escudeiro de Saul,Davi e Saul,Benjamim,Gibeá,"Acometido por um espírito maligno e acessos de fúria, Saul contrata Davi para tocar harpa e acalmar sua alma no palácio.",1 Samuel 16:14-23
c. 1015 a.C.,c. 1015 a.C.,Combate do Vale de Elá e vitória de Davi sobre Golias,"Davi, Golias e Saul",Judá,Vale de Elá (Socó),"O gigante Golias desafia os exércitos de Israel por 40 dias; Davi aceita o desafio e o derruba com uma pedra de funda, cortando-lhe a cabeça.",1 Samuel 17:1-58
c. 1014 a.C.,c. 1014 a.C.,Aliança de amizade entre Davi e Jônatas e ciúme de Saul,"Davi, Jônatas e Saul",Benjamim,Gibeá,"Após as mulheres cantarem ""Saul matou seus milhares, e Davi seus dez milhares"", Saul nutre inveja mortal e tenta encravar Davi na parede com uma lança.",1 Samuel 18:1-16
c. 1014 a.C.,c. 1014 a.C.,Escape de Davi pela janela com ajuda de Mical,Davi e Mical,Benjamim,Gibeá,"Mical descobre o plano de Saul para matar Davi pela manhã, ajuda-o a escapar pela janela e coloca um ídolo doméstico na cama para enganar os guardas.",1 Samuel 19:11-18
c. 1013 a.C.,c. 1013 a.C.,O sinal das flechas de Jônatas para o escape definitivo de Davi,Davi e Jônatas,Benjamim,Pedra de Ezel (Gibeá),Jônatas combina um código com flechas para avisar Davi no campo sobre a decisão inalterável de Saul em matá-lo; os dois amigos choram ao se despedir.,1 Samuel 20:1-42
c. 1013 a.C.,c. 1013 a.C.,"Massacre dos sacerdotes de Nobe por Doegue, o edomita","Saul, Aimeleque e Doegue",Benjamim,Nobe,"Furioso porque Aimeleque deu pão da proposição a Davi, Saul manda Doegue chacinar 85 sacerdotes e exterminar os habitantes e animais de Nobe.",1 Samuel 22:6-23
c. 1012 a.C.,c. 1012 a.C.,Libertação de Queila e socorro divino no Deserto de Zife,Davi e Abiatar,Judá,Queila / Deserto de Zife,"Davi salva a cidade de Queila dos filisteus; consultando a Deus pelo éfode de Abiatar, descobre que os moradores o entregariam a Saul e foge a tempo.",1 Samuel 23:1-14
c. 1012 a.C.,c. 1012 a.C.,Davi poupa a vida de Saul na caverna de En-Gedi,Davi e Saul,Judá,En-Gedi,Saul entra numa caverna para aliviar-se sem saber que Davi e seus homens estavam no fundo; Davi apenas corta a orla do manto de Saul e recusa matá-lo.,1 Samuel 24:1-22
c. 1012 a.C.,c. 1012 a.C.,Morte de Samuel e sepultamento em Ramá,Samuel e Povo de Israel,Efraim / Benjamim,Ramá,"Todo o Israel se ajunta para prantear a morte do profeta e juiz Samuel, sepultando-o em sua casa em Ramá.",1 Samuel 25:1
c. 1012 a.C.,c. 1012 a.C.,Intervenção prudente de Abigail e morte do insensato Nabal,"Davi, Nabal e Abigail",Judá,Maão / Carmelo de Judá,"Nabal recusa asperamente alimento aos homens de Davi; Abigail intercepta Davi com presentes e evita um massacre. Dias depois, Nabal morre de ataque cardíaco.",1 Samuel 25:2-44
c. 1011 a.C.,c. 1011 a.C.,Davi se infiltra no acampamento de Saul e leva sua lança,"Davi, Abisai e Saul",Judá,Outeiro de Haquila (Zife),Davi e Abisai entram à noite no acampamento de Saul enquanto todos dormiam; Davi impede Abisai de matá-lo e pega apenas a lança e a botija de água.,1 Samuel 26:1-25
c. 1011 a.C.,c. 1010 a.C.,Refúgio de Davi entre os filisteus e cessão de Ziclague,Davi e Aquis (rei de Gate),Filístia,Gate / Ziclague,"Desconfiando que Saul ainda o alcançaria, Davi se refugia na Filístia com 600 homens; o rei Aquis lhe concede a cidade de Ziclague como posse permanente.",1 Samuel 27:1-12
c. 1010 a.C.,c. 1010 a.C.,Consulta de Saul à necromante de En-Dor,Saul e Feiticeira de En-Dor,Issacar,En-Dor,"Sem respostas por sonhos, Urim ou profetas, Saul se disfarça e consulta uma médium em En-Dor; a visão de Samuel anuncia sua derrota e morte para o dia seguinte.",1 Samuel 28:1-25
c. 1010 a.C.,c. 1010 a.C.,Saque amalequita a Ziclague e resgate efetuado por Davi,Davi e Amalequitas,Filístia / Negebe,Ziclague / Ribeiro de Besor,"Na ausência das tropas, amalequitas queimam Ziclague e levam as mulheres e crianças; Davi consulta a Deus, persegue o inimigo e resgata tudo e todos intactos.",1 Samuel 30:1-31
c. 1010 a.C.,c. 1010 a.C.,Batalha do Monte Gilboa e morte de Saul e Jônatas,"Saul, Jônatas e Filisteus",Issacar / Manassés Ocidental,Monte Gilboa / Bete-Seã,"Os filisteus esmagam o exército israelita; Jônatas é morto, Saul é gravemente ferido por flechas e se lança sobre a própria espada. Moradores de Jabes resgatam os corpos.",1 Samuel 31:1-13; 2 Samuel 1:1-27
c. 1010 a.C.,c. 1003 a.C.,Unção de Davi como Rei de Judá em Hebrom,Davi e Povo de Judá,Judá,Hebrom,"Davi consulta a Deus e sobe a Hebrom, onde os homens de Judá o ungem como seu rei, iniciando um reinado regional de 7 anos e meio.",2 Samuel 2:1-7
c. 1010 a.C.,c. 970 a.C.,Ministério Profético,Natã / Gade (Profetas),Israel (Unido),,,
c. 1010 a.C.,c. 970 a.C.,Sumo Sacerdócio (início),Abiatar (Sumo Sacerdote),Israel (Unido),,,
c. 1010 a.C.,c. 1003 a.C.,Aclamação de Isbosete por Abner e Guerra Civil entre as casas,"Abner, Isbosete, Joabe e Asael",Gileade (Gade) / Benjamim,Maanaim / Tanque de Gibeão,"Abner proclama Isbosete (filho de Saul) rei em Maanaim; os dois exércitos se enfrentam em Gibeão; Abner mata Asael, irmão de Joabe, em legítima defesa de fuga.",2 Samuel 2:8-32
c. 1005 a.C.,c. 1003 a.C.,Aliança e assassinato de Abner por Joabe em Hebrom,"Abner, Davi e Joabe",Judá,Hebrom,"Abner rompe com Isbosete, negocia a união das tribos sob Davi e devolve Mical; contudo, Joabe mata Abner traiçoeiramente no portão de Hebrom por vingança.",2 Samuel 3:6-39
c. 1003 a.C.,c. 1003 a.C.,Assassinato de Isbosete e execução dos conspiradores,"Isbosete, Recabe e Baaná",Gileade (Gade) / Judá,Maanaim / Hebrom,Dois capitães de Isbosete o decapitam enquanto dormia e levam a cabeça a Davi esperando recompensa; Davi reprova a covardia e ordena a execução de ambos.,2 Samuel 4:1-12
c. 1003 a.C.,c. 1003 a.C.,Aclamação de Davi sobre todo o Israel e Conquista de Jerusalém,"Davi, Anciãos e Jebuseus",Judá / Benjamim,Hebrom / Jerusalém (Jebus),"Todas as tribos ungem Davi rei em Hebrom. Davi marcha contra a fortaleza jebuseia de Jerusalém, toma a fortaleza de Sião e estabelece ali sua capital unificada.",2 Samuel 5:1-12
c. 1000 a.C.,c. 1000 a.C.,"Traslado da Arca, morte de Uzá e júbilo na Cidade de Davi","Davi, Uzá e Obede-Edom",Benjamim / Judá,Quiriat-Jearim / Eira de Nacom / Jerusalém,"Ao mover a Arca sem os ombros levíticos, Uzá toca na Arca e morre; após três meses abençoados na casa de Obede-Edom, Davi conduz a Arca com danças a Jerusalém.",2 Samuel 6:1-23
c. 1000 a.C.,c. 970 a.C.,Governador tribal de Rúben sob o rei Davi,Eliezer (filho de Zicri),Israel,,,
c. 1000 a.C.,c. 970 a.C.,Governador tribal de Simeão sob o rei Davi,Sefatias (filho de Maaca),Israel,,,
c. 1000 a.C.,c. 970 a.C.,Governador tribal de Levi sob o rei Davi,Hasabias (filho de Kemuel),Israel,,,
c. 1000 a.C.,c. 970 a.C.,Líder dos Levitas sacerdotes (Casa de Arão),Zadoque,Israel,,,
c. 1000 a.C.,c. 970 a.C.,Governador tribal de Judá sob o rei Davi,Eliú (irmão de Davi),Israel,,,
c. 1000 a.C.,c. 970 a.C.,Governador tribal de Issacar sob o rei Davi,Onri (filho de Micael),Israel,,,
c. 1000 a.C.,c. 970 a.C.,Governador tribal de Zebulom sob o rei Davi,Ismaías (filho de Obadias),Israel,,,
c. 1000 a.C.,c. 970 a.C.,Governador tribal de Naftali sob o rei Davi,Jerimote (filho de Azriel),Israel,,,
c. 1000 a.C.,c. 970 a.C.,Governador tribal de Efraim sob o rei Davi,Oseias (filho de Azazias),Israel,,,
c. 1000 a.C.,c. 970 a.C.,Governador de Manassés Ocidental sob o rei Davi,Joel (filho de Pedaías),Israel,,,
c. 1000 a.C.,c. 970 a.C.,Governador de Manassés Oriental (Gileade) sob Davi,Ido (filho de Zacarias),Israel,,,
c. 1000 a.C.,c. 970 a.C.,Governador tribal de Benjamim sob o rei Davi,Jaasiel (filho de Abner),Israel,,,
c. 1000 a.C.,c. 970 a.C.,Governador tribal de Dã sob o rei Davi,Azarel (filho de Jereão),Israel,,,
c. 995 a.C.,c. 995 a.C.,Anúncio do Pacto Davídico pelo Profeta Natã,Davi e Profeta Natã,Judá / Benjamim,Jerusalém,Davi deseja edificar um Templo para Deus; o profeta Natã transmite a revelação divina de que Deus edificará uma casa e um trono eterno para a descendência de Davi.,2 Samuel 7:1-29
c. 995 a.C.,c. 985 a.C.,Expansão militar e subjugação dos impérios vizinhos,"Davi, Joabe e Tropas",Filístia / Moabe / Síria / Edom,Gate / Vale do Sal / Damasco / Rabá,"Davi estabelece guarnições e impõe tributos sobre os filisteus, moabitas, arameus de Damasco, edomitas e amonitas, expandindo as fronteiras do reino.",2 Samuel 8:1-18; 2 Samuel 10:1-19
c. 993 a.C.,c. 993 a.C.,"Misericórdia de Davi para com Mefibosete, filho de Jônatas","Davi, Mefibosete e Ziba",Judá / Benjamim,Lodebar / Jerusalém,"Davi procura por sobreviventes da casa de Saul por amor a Jônatas; encontra Mefibosete (coxo de ambos os pés), restitui-lhe as terras do avô e o acolhe à sua mesa.",2 Samuel 9:1-13
c. 990 a.C.,c. 990 a.C.,"Pecado com Bate-Seba e conspiração contra Urias, o heteu","Davi, Bate-Seba, Urias e Joabe",Judá / Amom,Jerusalém / Rabá de Amom,"Na época das guerras, Davi permanece no palácio, adúltera com Bate-Seba e ordena a Joabe que posicione o fiel soldado Urias na frente da batalha para ser morto.",2 Samuel 11:1-27
c. 989 a.C.,c. 989 a.C.,"Repreensão de Natã, a parábola da ovelhinha e a morte do bebê","Davi, Profeta Natã e Bate-Seba",Judá / Benjamim,Jerusalém,"Natã expõe o pecado de Davi através da parábola do homem rico que roubou a ovelha do pobre; Davi se arrepende, mas o filho nascido do adultério adoece e morre.",2 Samuel 12:1-23
c. 988 a.C.,c. 988 a.C.,Nascimento de Salomão (Jedidias),"Davi, Bate-Seba e Salomão",Judá / Benjamim,Jerusalém,"Bate-Seba concebe novamente e dá à luz Salomão; o Senhor o ama e envia o profeta Natã para chamá-lo de Jedidias (""Amado pelo Senhor"").",2 Samuel 12:24-25
c. 985 a.C.,c. 983 a.C.,Abuso de Tamar por Amnom e vingança de Absalão,"Amnom, Tamar e Absalão",Judá / Gesur,Jerusalém / Baal-Hazor / Gesur,"Amnom violentamente abusa de sua meia-irmã Tamar; dois anos depois, Absalão convida os príncipes para a tosquia em Baal-Hazor, mata Amnom e foge para Gesur.",2 Samuel 13:1-39
c. 980 a.C.,c. 980 a.C.,Astúcia da mulher de Tecoa e retorno de Absalão a Jerusalém,"Joabe, Mulher de Tecoa, Davi e Absalão",Judá,Tecoa / Jerusalém,Joabe envia uma mulher sábia de Tecoa com uma parábola fictícia para convencer Davi a permitir o retorno de Absalão do exílio de três anos em Gesur.,2 Samuel 14:1-33
c. 980 a.C.,c. 980 a.C.,Conspiração de Absalão em Hebrom e fuga de Davi,"Absalão, Davi, Aitofel e Husai",Judá / Benjamim,Hebrom / Jerusalém / Monte das Oliveiras,"Absalão atrai o povo, rouba o coração dos israelitas e se proclama rei em Hebrom; Davi foge descalço e chorando sobre o Monte das Oliveiras para evitar massacre na cidade.",2 Samuel 15:1-37
c. 980 a.C.,c. 980 a.C.,"Aconselhamento de Aitofel, a astúcia de Husai e o suicídio de Aitofel","Absalão, Husai e Aitofel",Judá / Benjamim,Jerusalém,"Husai finge lealdade a Absalão para frustrar o plano militar certeiro de Aitofel; vendo seu conselho rejeitado, Aitofel volta para sua cidade e se enforca.",2 Samuel 16:15–17:23
c. 980 a.C.,c. 980 a.C.,Batalha da Floresta de Efraim e morte violenta de Absalão,"Absalão, Joabe e Tropas de Davi",Gileade (Gade),Floresta de Efraim (Transjordânia),"O exército rebelde é derrotado; Absalão fica preso pelos cabelos nos galhos de um grande carvalho e é transpassado por Joabe, gerando amargo pranto em Davi.",2 Samuel 18:1-33
c. 978 a.C.,c. 978 a.C.,"Insubordinação de Seba, filho de Bicri, e decapitação em Abel","Seba, Joabe e Mulher Sábia",Benjamim / Naftali,Gibeão / Abel-Bete-Maaca,"Seba lidera uma insurreição das tribos do norte; Joabe o cerca na cidade murada de Abel-Bete-Maaca, e os moradores entregam a cabeça cortada de Seba pela muralha.",2 Samuel 20:1-22
c. 976 a.C.,c. 976 a.C.,Fome de três anos e a reparação solicitada pelos gibeonitas,"Davi, Gibeonitas e Rizpa",Benjamim,Gibeá de Saul / Gibeão,Fome atinge a terra porque Saul havia violado o juramento feito aos gibeonitas; sete descendentes masculinos de Saul são entregues para enforcamento em Gibeá.,2 Samuel 21:1-14
c. 975 a.C.,c. 975 a.C.,"Censo orgulhoso, peste devastadora e compra da eira de Araúna","Davi, Profeta Gade e Araúna",Judá / Benjamim,Monte Moriá (Jerusalém),Davi realiza um censo militar ilegítimo; o profeta Gade apresenta três opções de juízo; a peste mata 70.000 homens; Davi compra a eira de Araúna para erguer o altar.,2 Samuel 24:1-25
Ano Início,Ano Fim,Evento,Personagem,Região,Local,Detalhes,Referência bíblica
c. 970 a.C.,c. 970 a.C.,Conspiração de Adonias e unção de Salomão como rei,"Adonias, Salomão, Zadoque e Natã",Judá / Benjamim,Fonte de En-Rogel / Gion (Jerusalém),Adonias tenta usurpar o trono com apoio de Joabe e Abiatar; Davi ordena que Zadoque e Natã levem Salomão à fonte de Gion e o unjam rei de Israel.,1 Reis 1:1-53; 1 Crônicas 23:1
c. 970 a.C.,c. 970 a.C.,Morte de Davi e consolidação do reino de Salomão,"Davi, Salomão, Joabe, Simei e Abiatar",Judá / Benjamim,Jerusalém / Anatote,"Davi falece aos 70 anos e é sepultado na Cidade de Davi. Salomão executa Adonias e Joabe, confina Simei e destitui Abiatar do sacerdócio.",1 Reis 2:1-46; 1 Crônicas 29:26-30
c. 970 a.C.,c. 970 a.C.,Visão de Salomão em Gibeão e pedido de sabedoria,Salomão e Deus,Benjamim,Alto de Gibeão,"Salomão oferece mil holocaustos em Gibeão; Deus lhe aparece em sonho e concede sabedoria, riquezas e honra incomparáveis para governar o povo.",1 Reis 3:1-15; 2 Crônicas 1:1-13
c. 966 a.C.,c. 959 a.C.,Construção do Primeiro Templo de Jerusalém,Salomão e Hiram (Rei de Tiro),Judá / Benjamim,Monte Moriá (Jerusalém),"No quarto ano do reinado de Salomão, iniciam-se as obras do Templo no Monte Moriá, concluídas em sete anos com cedros do Líbano e cantaria fina.",1 Reis 6:1-38; 2 Crônicas 3:1-17
c. 959 a.C.,c. 959 a.C.,Dedicação do Templo e a Descida da Glória Divina,"Salomão, Sacerdotes e Todo o Israel",Judá / Benjamim,Monte Moriá (Jerusalém),A Arca da Aliança é colocada no Santo dos Santos; a nuvem da glória enche o Templo e fogo do céu consome os holocaustos durante 14 dias de festa.,1 Reis 8:1-66; 2 Crônicas 5:1–7:10
c. 950 a.C.,c. 950 a.C.,Visita da Rainha de Sabá para testar a sabedoria de Salomão,Salomão e Rainha de Sabá,Judá / Sabá (Arábia),Jerusalém,"A Rainha de Sabá viaja com grande comitiva para testar Salomão com perguntas difíceis, contemplando a magnificência de sua corte e glória do Templo.",1 Reis 10:1-13; 2 Crônicas 9:1-12
c. 940 a.C.,c. 931 a.C.,"Período de atuação do Profeta Aías, o silonita",Profeta Aías,Efraim,Siló / Jerusalém,"Profeta do Reino do Norte; rasgou sua capa nova em 12 pedaços e deu 10 a Jeroboão, profetizando a divisão do reino e mais tarde a queda de sua casa.",1 Reis 11:29-39; 1 Reis 14:1-18
c. 931 a.C.,c. 931 a.C.,"Idolatria de Salomão, morte e a Cisão do Reino","Salomão, Roboão e Jeroboão I",Judá / Efraim,Jerusalém / Siquém,"Salomão desvia seu coração com esposas estrangeiras; após sua morte, Roboão rejeita o conselho dos anciãos em Siquém e 10 tribos aclamam Jeroboão I.",1 Reis 11:1–12:20; 2 Crônicas 10:1-19
c. 931 a.C.,c. 931 a.C.,Erigimento dos Bezerros de Ouro por Jeroboão I,Jeroboão I e Povo de Israel,Dã / Efraim,Dã / Betel,"Para evitar que as tribos do norte subissem a Jerusalém, Jeroboão constrói dois altares idólatras com bezerros de ouro nas extremidades de seu reino.",1 Reis 12:25-33
c. 931 a.C.,c. 913 a.C.,Atuação do Profeta Semaías no Reino de Judá,Profeta Semaías,Judá / Benjamim,Jerusalém,Impede Roboão de guerrear contra as 10 tribos no momento da cisão e mais tarde comunica o juízo divino durante a invasão do faraó Sisaque.,1 Reis 12:21-24; 2 Crônicas 12:5-8
c. 925 a.C.,c. 925 a.C.,"Saque do Templo e do Palácio por Sisaque, rei do Egito",Roboão e Faraó Sisaque I,Judá / Egito,Jerusalém,O faraó Sisaque invade Judá e despoja os tesouros do Templo e os escudos de ouro de Salomão; Roboão os substitui por escudos de bronze.,1 Reis 14:25-28; 2 Crônicas 12:1-12
c. 913 a.C.,c. 910 a.C.,Batalha do Monte Zemaraim e vitória de Abias sobre Jeroboão,Abias (Rei de Judá) e Jeroboão I,Efraim / Judá,Monte Zemaraim,"Abias discursa contra a apostasia de Jeroboão; cercado pelo exército de Israel, Judá clama ao Senhor, que fere Jeroboão e concede vitória a Judá.",1 Reis 15:1-8; 2 Crônicas 13:1-22
c. 911 a.C.,c. 870 a.C.,Reinado e reformas religiosas do Rei Asa em Judá,Asa e Profeta Azarias,Judá,Jerusalém / Vale de Zefata,"Asa remove os ídolos de Judá, vence o exército de milhão de Zerá, o etíope, mas no fim da vida alia-se a Ben-Hadade da Síria e morre com enfermidade nos pés.",1 Reis 15:9-24; 2 Crônicas 14:1–16:14
c. 885 a.C.,c. 885 a.C.,Guerra civil em Israel e fundação da capital Samaria,"Omri, Zinri e Tibni",Manassés Ocidental,Tirza / Monte Samaria,"Zinri reina 7 dias e se queima no palácio; Omri vence a facção de Tibni, compra o monte de Semer por dois talentos de prata e funda a cidade de Samaria.",1 Reis 16:15-28
c. 874 a.C.,c. 853 a.C.,Introdução do culto a Baal por Acabe e Jezabel,Acabe e Jezabel,Manassés Ocidental,Samaria / Jezreel,"Acabe casa-se com Jezabel de Sidom, erige um templo a Baal em Samaria e estabelece a perseguição estatal aos profetas de Yahweh.",1 Reis 16:29-34
c. 870 a.C.,c. 848 a.C.,"Reinado próspero, reformas e instrução da Lei por Josafá",Josafá e Levitas,Judá,Jerusalém / Cidades de Judá,Josafá envia príncipes e levitas com o Livro da Lei para instruir todas as cidades de Judá e estabelece juízes tementes a Deus por todo o país.,1 Reis 22:41-50; 2 Crônicas 17:1–20:30
c. 863 a.C.,c. 852 a.C.,"Período de vida e ministério do Profeta Elias, o tisbita",Profeta Elias,Gileade / Israel,Ribeiro de Querite / Sarepta / Monte Carmelo,"Enfrentou a tirania de Acabe e Jezabel; orou para fechar e abrir os céus, ressuscitou o filho da viúva e foi elevado ao céu num redemoinho com carro de fogo.",1 Reis 17:1 – 2 Reis 2:12
c. 860 a.C.,c. 860 a.C.,Desafio do Monte Carmelo e o fogo do céu,Elias e 450 Profetas de Baal,Aser / Naftali,Monte Carmelo,"Elias desafia os profetas de Baal; após estes clamarem em vão, Elias restaura o altar de Yahweh, ora e fogo desce consumindo o holocausto e a água.",1 Reis 18:19-40
c. 855 a.C.,c. 855 a.C.,Assassinato de Nabote e a usurpação da vinha de Jezreel,"Nabote, Jezabel e Acabe",Issacar,Jezreel,Jezabel arquiteta o apedrejamento falso de Nabote para tomar sua vinha; Elias confronta Acabe no local e profetiza a morte violenta do casal real.,1 Reis 21:1-29
c. 853 a.C.,c. 853 a.C.,Profecia de Micaías e morte de Acabe em Ramote-Gileade,"Acabe, Josafá e Profeta Micaías",Transjordânia (Gade),Ramote-Gileade,"Micaías ben Imlá profetiza a derrota de Israel; Acabe entra disfarçado no combate, mas é atingido por uma flecha disparada ao acaso e morre em seu carro.",1 Reis 22:1-40; 2 Crônicas 18:1-34
c. 852 a.C.,c. 796 a.C.,Período de vida e ministério do Profeta Eliseu ben Safate,Profeta Eliseu,Manassés / Efraim,Samaria / Suném / Dotã / Rio Jordão,"Sucessor de Elias; realizou o dobro de milagres (purificação de águas, azeite da viúva, cura da lepra de Naamã, hachado flutuante e libertação de Samaria).",2 Reis 2:13 – 2 Reis 13:21
c. 850 a.C.,c. 796 a.C.,Vida e sacerdócio do Sumo Sacerdote Joiada (130 anos),Joiada e Jeosabeate,Judá,Jerusalém,"Sacerdote fiel que preservou a linhagem davídica escondendo o bebê Joás por 6 anos, liderou a derrubada de Atalia e faleceu com honras de rei aos 130 anos.",2 Reis 11:1–12:16; 2 Crônicas 22:10–24:16
c. 841 a.C.,c. 841 a.C.,"Golpe de Jeú, morte de Jezabel e destruição da casa de Acabe","Jeú, Jorão, Acazias e Jezabel",Issacar / Manassés,Jezreel / Samaria,"Ungido por ordem de Eliseu, Jeú mata Jorão de Israel e Acazias de Judá, manda lançar Jezabel da janela e extermina os 70 filhos de Acabe e os cultos a Baal.",2 Reis 9:1–10:36; 2 Crônicas 22:7-9
c. 841 a.C.,c. 835 a.C.,Usurpação de Atalia e o resgate do menino Joás no Templo,"Atalia, Jeosabeate e Joiada",Judá,Jerusalém (Templo),Atalia massacra os príncipes da casa real para usurpar o trono de Judá; a princesa Jeosabeate esconde o bebê Joás no Templo por 6 anos até a coroação por Joiada.,2 Reis 11:1-21; 2 Crônicas 22:10–23:21
c. 835 a.C.,c. 835 a.C.,Martírio do Profeta Zacarias ben Joiada no pátio do Templo,Profeta Zacarias e Rei Joás,Judá,Pátio do Templo (Jerusalém),"Após a morte de Joiada, Joás desvia-se; o profeta Zacarias repreende a apostasia dos príncipes e é apedrejado até a morte por ordem do próprio rei que seu pai salvou.",2 Crônicas 24:17-22
c. 793 a.C.,c. 753 a.C.,Expansão e prosperidade do Reino do Norte sob Jeroboão II,Jeroboão II e Profeta Jonas,Manassés / Zebulom,Samaria / Gat-Hefer,"Conforme a profecia de Jonas ben Amitai, Jeroboão II restaura os limites de Israel desde Hamate até ao mar da Arabá em um período de grande fartura material.",2 Reis 14:23-29
c. 792 a.C.,c. 740 a.C.,Reinado de Uzias (Azarias) e o juízo de lepra no Templo,Uzias (Azarias) e Azarias (Sacerdote),Judá,Jerusalém (Santuário),"Uzias prospera militarmente e tecnologicamente, mas comete orgulho ao entrar no Santo Lugar para queimar incenso; é confrontado por 80 sacerdotes e fica leproso.",2 Reis 15:1-7; 2 Crônicas 26:1-23
c. 740 a.C.,c. 681 a.C.,Atuação do Profeta Isaías ben Amoz no Reino de Judá,Profeta Isaías,Judá,Jerusalém,"Exerceu ministério nos reinados de Uzias, Jotão, Acaz e Ezequias; profetizou sobre o Messias, encorajou Ezequias durante o cerco assírio e anunciou o cativeiro.",2 Reis 19:1-20; 2 Crônicas 26:22; 32:20-32
c. 735 a.C.,732 a.C.,Invasão de Tiglate-Pileser III e profanação de Acaz,Acaz e Tiglate-Pileser III,Judá / Assíria,Jerusalém / Damasco,"Acaz tira o ouro do Templo para pagar tributo à Assíria, fecha as portas do Templo e manda copiar um altar pagão de Damasco para substituir o altar de bronze.",2 Reis 16:1-20; 2 Crônicas 28:1-27
722 a.C.,722 a.C.,Queda de Samaria e fim do Reino do Norte (Israel),Oséias (Rei) e Salmaneser V / Sargon II,Manassés Ocidental / Assíria,Samaria / Nínive,"Após cerco de 3 anos, Samaria cai perante a Assíria; as 10 tribos são deportadas para a Assíria e a região é repovoada por povos pagãos (origem dos samaritanos).",2 Reis 17:1-41; 2 Reis 18:9-12
c. 715 a.C.,c. 715 a.C.,Grande Reforma de Ezequias e a celebração da Páscoa,"Ezequias, Sacerdotes e Levitas",Judá,Jerusalém,"Ezequias reabre e purifica o Templo, quebra as colunas idólatras, destrói a serpente de bronze (Neustã) e realiza uma imensa Páscoa nacional convidando até o Norte.",2 Reis 18:1-8; 2 Crônicas 29:1–31:21
701 a.C.,701 a.C.,Cerco de Senaqueribe e livramento angelical de Jerusalém,"Ezequias, Isaías e Senaqueribe",Judá / Assíria,Jerusalém / Laquis,"Senaqueribe envia Rabsaqué com blasfêmias contra Deus; Ezequias rasga as vestes e ora no Templo; na mesma noite, o Anjo do Senhor mata 185.000 assírios no arraial.",2 Reis 18:13–19:37; 2 Crônicas 32:1-23
c. 697 a.C.,c. 642 a.C.,"Idolatria extrema de Manassés, prisão e restauração",Manassés,Judá / Assíria,Jerusalém / Babilônia,"O rei mais ímpio de Judá edifica altares aos astros no Templo e queima seus filhos; levado preso em ganchos para a Babilônia, humilha-se, ora e é restaurado ao trono.",2 Reis 21:1-18; 2 Crônicas 33:1-20
c. 640 a.C.,c. 609 a.C.,Atuação da Profetisa Hulda no reinado de Josias,Profetisa Hulda,Judá,Jerusalém (Bairro Novo),"Consultada pelos enviados do rei Josias após o achado do Livro da Lei, confirma os juízos sobre Jerusalém, mas promete que Josias recolheria em paz por seu arrependimento.",2 Reis 22:14-20; 2 Crônicas 34:22-28
c. 622 a.C.,c. 622 a.C.,Descoberta do Livro da Lei e a Grande Reforma de Josias,"Josias, Hilquias (Sacerdote) e Safã",Judá,Jerusalém,"Durante reformas no Templo, o sumo sacerdote Hilquias acha o Livro da Lei; Josias chora ao ouvir a leitura, renova a Aliança e destrói todos os altares idólatras de Israel.",2 Reis 22:1–23:27; 2 Crônicas 34:1–35:19
609 a.C.,609 a.C.,Batalha de Megido e morte trágica do rei Josias,Josias e Faraó Neco II,Manassés Ocidental / Egito,Vale de Megido,"Josias disfarça-se para interceptar o faraó Neco II que marchava para Carquemis; é atingido por flecheiros em Megido, morre a caminho de Jerusalém e é pranteado por Jeremias.",2 Reis 23:28-30; 2 Crônicas 35:20-27
605 a.C.,605 a.C.,Primeira deportação para Babilônia sob Jeoaquim,Jeoaquim e Nabucodonosor II,Judá / Babilônia,Jerusalém / Babilônia,"Nabucodonosor II vence o Egito em Carquemis, marcha sobre Jerusalém, submete Jeoaquim e leva os primeiros cativos nobres (incluindo Daniel e seus companheiros).",2 Reis 24:1-7; 2 Crônicas 36:5-8
597 a.C.,597 a.C.,Segunda deportação babilônica e cativeiro do rei Joaquim,Joaquim (Jeconias) e Nabucodonosor II,Judá / Babilônia,Jerusalém / Babilônia,"Após cerco de 3 meses, o jovem rei Joaquim rende-se a Nabucodonosor, que o leva cativo junto com a rainha-mãe, príncipes, 10.000 artesãos e o profeta Ezequiel.",2 Reis 24:8-17; 2 Crônicas 36:9-10
588 a.C.,586 a.C.,Destruction de Jerusalém e do Templo de Salomão,Zedequias e Nebuzaradã,Judá / Babilônia,Jerusalém,"Após 18 meses de cerco assolado pela fome, os babilônios rompem as muralhas; o Templo é queimado, os utensílios de bronze levados e Zedequias cego e levado preso.",2 Reis 25:1-21; 2 Crônicas 36:11-21
c. 561 a.C.,c. 561 a.C.,Libertação e exaltação do rei Joaquim na Babilônia,Joaquim e Evil-Merodaque,Babilônia,Palácio Real de Babilônia,"No 37º ano do cativeiro, Evil-Merodaque assume o trono de Babilônia, tira o rei Joaquim da prisão, muda suas vestes de prisão e dá-lhe assento de honra à sua mesa.",2 Reis 25:27-30
538 a.C.,538 a.C.,Decreto de Ciro para a reconstrução do Templo em Jerusalém,"Ciro, o Grande (Rei da Pérsia)",Pérsia / Judá,Susã / Jerusalém,"Cumprindo a palavra do Senhor dita pela boca de Jeremias, Ciro promulga um edito autorizando todos os judeus exilados a retornarem e reerguerem o Templo.",2 Crônicas 36:22-23; Esdras 1:1-4
,,,,,,,
,,,,,,,
c. 870 a.C.,c. 845 a.C.,Ministério Profético (Combate a Baal),Elias (Profeta),Israel (Norte),,,
c. 845 a.C.,c. 790 a.C.,Ministério Profético,Eliseu (Profeta),Israel (Norte),,,
c. 790 a.C.,c. 760 a.C.,Ministério Profético em Nínive,Jonas (Profeta),Nínive / Israel,,,
,,,,,,,
c. 785 a.C.,c. 780 a.C.,"Chamado de Jonas, fuga de navio e pregação em Nínive",Jonas,Império Assírio / Zebulom,Gat-Hefer / Mar Mediterrâneo / Nínive,"Jonas tenta fugir da ordem divina para Nínive em um navio rumo a Társis; lançado ao mar durante tempestade, é engolido por um grande peixe e cumpre a pregação, gerando o arrependimento da capital assíria.",Jonas 1:1–4:11; 2 Reis 14:25
c. 760 a.C.,c. 750 a.C.,Profecias de Amós contra a injustiça social e o sacerdócio de Betel,Amós e Amazias (sacerdote),Manassés Ocidental (Reino de Israel) / Judá,Tecoa / Betel / Samaria,"Amós, um simples pastor de Tecoa, é enviado ao Reino do Norte para denunciar a ganância da elite e o culto hipócrita em Betel, sendo confrontado pelo sacerdote idólatra Amazias.",Amós 1:1; 7:10-17
c. 755 a.C.,c. 722 a.C.,Casamento simbólico de Oséias com Gomer e denúncia da apostasia,Oséias e Gomer,Efraim / Manassés (Reino de Israel),Samaria,"Deus ordena a Oséias casar-se com Gomer, uma mulher adúltera, para personificar o amor leal de Yahweh em contraste com a infidelidade espiritual do Reino de Israel.",Oséias 1:1–3:5
c. 740 a.C.,c. 740 a.C.,Visão da Glória de Deus e chamado profético de Isaías,Isaías,Judá (Tribo de Judá),Templo de Jerusalém,"No ano da morte do rei Uzias, Isaías vê o Senhor em um trono alto e sublime cercado por serafins; uma brasa viva do altar purifica seus lábios e ele responde: ""Eis-me aqui, envia-me a mim"".",Isaías 6:1-13
c. 735 a.C.,c. 700 a.C.,Profecias de Miqueias e a revelação do nascimento do Messias,Miqueias,Judá (Tribo de Judá),Moresete-Gate / Belém,"Miqueias denuncia a opressão dos camponeses pelos líderes de Jerusalém, profetiza a ruína do Templo e revela que o Governador eterno de Israel nasceria em Belém-Efrata.",Miqueias 1:1; 3:1-12; 5:2
c. 735 a.C.,c. 735 a.C.,Profecia do sinal de Emanuel ao rei Acaz,Isaías e Rei Acaz,Judá (Tribo de Judá),Jerusalém,"Durante a crise da Guerra Siro-Efraimita, Isaías exorta o rei Acaz a não temer os reis vizinhos e profetiza o sinal: ""Eis que a virgem conceberá e dará à luz um filho e chamará o seu nome Emanuel"".",Isaías 7:1-17
c. 701 a.C.,c. 701 a.C.,Atuação de Isaías durante a invasão de Senaqueribe,Isaías e Rei Ezequias,Judá (Tribo de Judá),Jerusalém,"Isaías encoraja o rei Ezequias a não se render às ameaças do general Rabsaqué, prometendo a intervenção divina que destruiu 185.000 soldados assírios em uma única noite.",Isaías 37:1-38; 2 Reis 19:1-37
c. 660 a.C.,c. 612 a.C.,Profecia de Naum sobre o juízo definitivo e queda de Nínive,Naum,Império Assírio / Judá,Elcofe / Nínive,"Naum profetiza a destruição inevitável de Nínive como retribuição divina pela tirania e derramamento de sangue assírio, profecia cumprida com a queda da cidade em 612 a.C.",Naum 1:1–3:19
c. 630 a.C.,c. 621 a.C.,Profecia de Sofonias sobre a varredura do Dia do Senhor,Sofonias,Judá (Tribo de Judá),Jerusalém,"Sofonias (trineto do rei Ezequias) anuncia o grande e terrível Dia do Senhor sobre Judá e as nações, exortando os humildes a buscar a justiça antes que a ira se derrame.",Sofonias 1:1–3:20
c. 627 a.C.,c. 627 a.C.,Chamado de Jeremias e as visões da amendoeira e do tacho a ferver,Jeremias,Benjamim,Anatote,"Chamado por Deus ainda jovem na aldeia sacerdotal de Anatote, Jeremias recebe a missão de profetizar a ruína e a reconstrução; vê uma vara de amendoeira e um tacho fervendo voltado do Norte.",Jeremias 1:1-19
c. 609 a.C.,c. 609 a.C.,O Sermão do Templo por Jeremias e a ameaça de linchamento,"Jeremias, Aicão e Sacerdotes",Judá (Tribo de Judá),Átrio do Templo de Jerusalém,"Jeremias prega à porta do Templo advertindo que o santuário seria destruído como Siló se não houvesse arpendimento moral; os sacerdotes pedem sua morte, mas o nobre Aicão o protege.",Jeremias 26:1-24
c. 608 a.C.,c. 598 a.C.,O questionamento de Habacuque sobre a ascensão dos caldeus,Habacuque,Judá (Tribo de Judá),Jerusalém,"Habacuque dialoga com Deus questionando o triunfo dos ímpios; Deus revela que usará os babilônios como instrumento de juízo, e o profeta conclui declarando que ""o justo viverá da sua fé"".",Habacuque 1:1–3:19
c. 605 a.C.,c. 605 a.C.,Cativeiro de Daniel em Babilônia e recusa da mesa do rei,"Daniel, Hananias, Misael e Azarias",Império Babilônico,Babilônia,"Levado na 1ª deportação por Nabucodonosor, Daniel decide não se contaminar com as iguarias e o vinho da mesa real, sobressaindo em sabedoria dez vezes mais que os magos locais.",Daniel 1:1-21
c. 605 a.C.,c. 604 a.C.,Ditado do rolo profético de Jeremias a Baruque e queima por Jeoaquim,"Jeremias, Baruque e Rei Jeoaquim",Judá (Tribo de Judá),Jerusalém,Jeremias dita suas profecias ao escriba Baruque para leitura pública; o rei Jeoaquim corta o rolo com canivete e lança-o no braseiro; Deus ordena reescrever o rolo acrescido de novas advertências.,Jeremias 36:1-32
c. 603 a.C.,c. 603 a.C.,Revelação do sonho da Grande Estátua por Daniel a Nabucodonosor,Daniel e Nabucodonosor II,Império Babilônico,Palácio Real de Babilônia,Nabucodonosor exige que os sábios revelem e interpretem seu sonho esquecido; Deus revela o segredo a Daniel: a estátua de quatro metais simboliza quatro impérios mundiais destruídos pela pedra messiânica.,Daniel 2:1-49
c. 600 a.C.,c. 600 a.C.,Profecia de Joel sobre a praga de gafanhotos e o derramamento do Espírito,Joel,Judá (Tribo de Judá),Jerusalém,"Joel interpreta uma avassaladora praga de gafanhotos como o prenúncio do Dia do Senhor, convocando um jejum sagrado e profetizando o derramamento do Espírito Santo sobre toda a carne.",Joel 1:1–3:21
c. 593 a.C.,c. 593 a.C.,Visão do Trono Divino no Rio Quebar e a vocação de Ezequiel,Ezequiel,Império Babilônico,Rio Quebar (Tel-Abibe),"No 5º ano do cativeiro do rei Joaquim, o sacerdote Ezequiel vê seres viventes, rodas dentro de rodas e o trono glorioso sobre o cristal, recebendo a ordem de comer o rolo e agir como atalaia.",Ezequiel 1:1–3:27
c. 592 a.C.,c. 591 a.C.,Atos dramáticos de Ezequiel encenando o cerco de Jerusalém,Ezequiel,Império Babilônico,Tel-Abibe (Babilônia),"Ezequiel desenha Jerusalém num tijolo, deita-se sobre seus lados por 390 e 40 dias, assa pão sob racionamento severo e raspa o cabelo e a barba para ilustrar o cerco, a fome e a espada.",Ezequiel 4:1–5:17
c. 591 a.C.,c. 591 a.C.,Visão do Templo profanado e o afastamento da Glória de Deus,Ezequiel,Império Babilônico / Judá,Templo de Jerusalém (em visão),"Ezequiel é levado em visão ao Templo e vê anciãos adorando répteis, mulheres pranteando a Tamuz e homens adorando o Sol; a Glória do Senhor se eleva do santuário e parte para o Oriente.",Ezequiel 8:1–11:25
c. 588 a.C.,c. 586 a.C.,Lançamento de Jeremias na cisterna e socorro de Ebede-Meleque,"Jeremias, Zedequias e Ebede-Meleque",Judá (Tribo de Judá),Jerusalém (Pátio da Guarda),Os príncipes lançam Jeremias numa cisterna enlameada para morrer de fome por pregar a rendição; o eunuco etíope Ebede-Meleque intercede junto ao rei Zedequias e resgata o profeta com cordas e panos.,Jeremias 38:1-28
c. 586 a.C.,c. 586 a.C.,Profecia de Obadias contra Edom por cumplicidade no saque,Obadias,Edom / Judá,Petra / Sela / Jerusalém,"Obadias pronuncia a ruína completa de Edom por ter se alegrado com a queda de Jerusalém, ter saqueado os bens dos judeus e bloqueado os caminhos de fuga durante a invasão babilônica.",Obadias 1:1-21
c. 586 a.C.,c. 580 a.C.,Lamentações sobre a ruína de Jerusalém e exílio de Jeremias no Egito,Jeremias e Joanã ben Careá,Judá / Egito,Jerusalém / Tahpanhes,"Jeremias compõe os acrósticos de Lamentações sobre as ruínas de Jerusalém; em seguida, os sobreviventes o forçam a ir para o Egito, onde continua profetizando contra a idolatria até falecer.",Lamentações 1:1; Jeremias 43:1-13
c. 585 a.C.,c. 585 a.C.,Visão do Vale de Ossos Secos por Ezequiel,Ezequiel,Império Babilônico,Vale na Babilônia,"Levado em espírito a um vale de ossos secos, Ezequiel profetiza sobre eles; os ossos se juntam, ganham carne e o sopro (Ruach) entra neles, levantando um exército restaurador para Israel.",Ezequiel 37:1-28
c. 573 a.C.,c. 573 a.C.,Visão de Ezequiel da planta do Novo Templo e de Yahweh-Shammah,Ezequiel,Império Babilônico,Monte alto em Israel (visão),"No 25º ano do cativeiro, Ezequiel recebe as medidas celestiais do Templo restaurado, vê o rio curador saindo do altar e encerra sua profecia revelando o nome da cidade: Yahweh-Shammah (""O Senhor Está Ali"").",Ezequiel 40:1–48:35
c. 539 a.C.,c. 539 a.C.,Daniel na Cova dos Leões sob o edito do rei Dario,"Daniel e Dario, o Medo",Império Persa,Babilônia,"Príncipes invejosos enganam o rei Dario para proibir orações; Daniel continua orando 3 vezes ao dia voltado para Jerusalém; é lançado na cova, mas o anjo fecha a boca dos leões.",Daniel 6:1-28
c. 520 a.C.,c. 520 a.C.,Mensagens de Ageu urgindo o povo a reconstruir o Templo,"Ageu, Zorobabel e Josué",Judá (Província de Yehud),Jerusalém,"Ageu confronta o desânimo dos retornados do exílio que priorizavam suas próprias casas apaineladas enquanto a Casa do Senhor jazia em ruínas, motivando o reinício da edificação.",Ageu 1:1–2:23
c. 520 a.C.,c. 518 a.C.,As oito visões noturnas de Zacarias e as promessas messiânicas,"Zacarias, Zorobabel e Josué",Judá (Província de Yehud),Jerusalém,"Zacarias recebe oito visões simbólicas de restauração, coroando o sumo sacerdote Josué como tipo do Renovo e profetizando o Messias montado num jumentinho e vendido por 30 moedas de prata.",Zacarias 1:1–14:21
c. 433 a.C.,c. 420 a.C.,Repreensões de Malaquias contra o ritualismo e a promessa do Mensageiro,Malaquias,Judá (Província de Yehud),Jerusalém,"Malaquias reprova sacerdotes por ofertarem animais cegos e coxos, condena o divórcio e o roubo nos dízimos, e profetiza a vinda do mensageiro (Elias) para preparar o caminho antes do grande Dia do Senhor.",Malaquias 1:1–4:6
,,,,,,,
,,,,,,,
c. 593 a.C.,c. 571 a.C.,Ministério Profético no Exílio,Ezequiel (Profeta),Babilônia,,,
586 a.C.,586 a.C.,Queda de Jerusalém e Destruição do Templo,Zedequias / Seraías (Sacerdote),Babilônia / Judá,,,
586 a.C.,538 a.C.,Exílio Babilônico,Judeus exilados,Babilônia,,,
561 a.C.,561 a.C.,Libertação e exaltação do rei Joaquim na Babilônia (Manutenção do herdeiro de Davi),Joaquim / Evil-Merodaque,Babilônia,,,
538 a.C.,538 a.C.,Decreto de Ciro para reconstrução,Ciro (Rei Persa),Império Persa,,,
c. 536 a.C.,c. 490 a.C.,Sumo Sacerdócio na Restauração,Jesua / Josué (Sumo Sacerdote),Jerusalém,,,
520 a.C.,520 a.C.,"Profecia de Ageu declarando Zorobabel como o ""Anel de Selar"" da casa de Davi",Zorobabel / Ageu,Jerusalém,,,
520 a.C.,520 a.C.,Ministério Profético (Incentivo ao Templo),Ageu (Profeta),Jerusalém,,,
520 a.C.,490 a.C.,Ministério Profético (Visões),Zacarias (Profeta),Jerusalém,,,
c. 479 a.C.,c. 473 a.C.,Livramento dos Judeus (Purim),Ester / Mardoqueu,Susã (Pérsia),,,
c. 458 a.C.,c. 430 a.C.,Reformas e Reconstrução dos Muros,Esdras (Sacerdote) / Neemias,Jerusalém,,,
c. 430 a.C.,c. 420 a.C.,Ministério Profético,Malaquias (Profeta),Jerusalém,,,
167 a.C.,160 a.C.,Revolta dos Macabeus (Período Intertestamentário),Judas Macabeu,Judeia,,,
,,,,,,,
,,,,,,,
,,,,,,,
,,,,,,,
,,,,,,,
,,,,,,,
,,,,,,,
,,,,,,,
c. 4 a.C.,c. 30 d.C.,Nascimento e Ministério de Jesus,Jesus Cristo,Judeia / Galileia,,,
c. 26 d.C.,c. 29 d.C.,Ministério Profético (Precursor),João Batista (Profeta),Rio Jordão / Judeia,,,
18 d.C.,36 d.C.,Sumo Sacerdócio durante o julgamento de Jesus,Caifás (Sumo Sacerdote),Jerusalém,,,
c. 30 d.C.,c. 30 d.C.,Crucificação / Ressurreição / Pentecostes,Jesus Cristo / Apóstolos,Jerusalém,,,
c. 30 d.C.,c. 60 d.C.,Viagens Missionárias e Expansão da Igreja,Apóstolo Paulo,Império Romano,,,
c. 46 d.C.,c. 67 d.C.,Escrita das Epístolas Paulinas e Gerais,Paulo / Pedro / Tiago,Império Romano,,,
70 d.C.,70 d.C.,Destruição do Segundo Templo pelos Romanos,Tito (General),Jerusalém,,,
c. 90 d.C.,c. 95 d.C.,Exílio em Patmos e Escrita do Apocalipse,João (Apóstolo),Ilha de Patmos,,,
c. 1279 a.C.,c. 1213 a.C.,Reinado (frequentemente associado como o faraó do Êxodo),Ramsés II,Egito,,,
853 a.C.,853 a.C.,"Batalha de Carcar contra coalizão de reis, incluindo Acabe",Salmaneser III,Assíria,,,
745 a.C.,727 a.C.,Reinado e submissão do rei Menaém de Israel a pesados tributos,Tiglate-Pileser III,Assíria,,,
705 a.C.,681 a.C.,Cerco a Laquis e campanha militar contra Jerusalém (Ezequias),Senaqueribe,Assíria,,,
612 a.C.,612 a.C.,"Queda de Nínive, cumprindo a profecia de Naum",Exército Medo-Babilônico,Babilônia / Média,,,
609 a.C.,609 a.C.,Batalha de Megido e morte do rei Josias de Judá,Faraó Neco II,Egito,,,
605 a.C.,605 a.C.,Batalha de Carquemis (Babilônia derrota Egito e controla Judá),Nabucodonosor II,Babilônia,,,
605 a.C.,562 a.C.,"Reinado, deportações de judeus e grandes obras",Nabucodonosor II,Babilônia,,,
539 a.C.,539 a.C.,Queda da Babilônia para o exército persa,"Ciro, o Grande",Pérsia,,,
522 a.C.,486 a.C.,Reinado e autorização para a conclusão do Segundo Templo,Dario I,Pérsia,,,
486 a.C.,465 a.C.,Reinado (identificado historicamente como Assuero em Ester),Xerxes I,Pérsia,,,
465 a.C.,424 a.C.,Reinado e permissão para as missões de Esdras e Neemias,Artaxerxes I,Pérsia,,,
332 a.C.,332 a.C.,Conquista do Oriente e introdução do helenismo na Judeia,"Alexandre, o Grande",Grécia,,,
168 a.C.,168 a.C.,"Profanação do Templo, estopim para a Revolta dos Macabeus",Antíoco IV Epifânio,Império Selêucida,,,
63 a.C.,63 a.C.,"Conquista de Jerusalém, anexando a Judeia como estado cliente",Pompeu,Roma,,,
37 a.C.,4 a.C.,Reinado e expansão do Segundo Templo (nascimento de Jesus),"Herodes, o Grande",Roma (Judeia),,,
27 a.C.,14 d.C.,"Reinado e ""Pax Romana"" (decreto do censo em Lucas)",Imperador Augusto,Roma,,,
c. 6 a.C.,c. 6 a.C.,"Anunciação do Messias que receberia ""o trono de Davi, seu pai""",Anjo Gabriel / Maria,Nazaré (Galileia),,,
c. 5 a.C.,c. 5 a.C.,"Revelação do Anjo a José como ""Filho de Davi"" para dar paternidade legal",Anjo do Senhor / José,Nazaré (Galileia),,,
c. 5 a.C.,c. 5 a.C.,Recenseamento romano e nascimento do Herdeiro na Cidade de Davi,Jesus / José / Maria,Belém (Judeia),,,
c. 5 a.C.,c. 5 a.C.,Apresentação no Templo e reconhecimento do Messias Davídico,Simeão / Ana,Jerusalém,,,
14 d.C.,37 d.C.,"Reinado durante o ministério, julgamento e crucificação de Jesus",Imperador Tibério,Roma,,,
26 d.C.,36 d.C.,Governo e condenação de Jesus à morte na cruz,Pôncio Pilatos,Roma (Judeia),,,
c. 30 d.C.,c. 30 d.C.,"Entrada Triunfal em Jerusalém com aclamação popular como ""Filho de Davi""",Jesus Cristo,Jerusalém,,,
c. 30 d.C.,c. 30 d.C.,Discurso de Pentecostes reafirmando a ressurreição como juramento feito a Davi,Apóstolo Pedro,Jerusalém,,,
c. 30 d.C.,c. 30 d.C.,Ascensão de Jesus e escolha de Matias para o apostolado,Apóstolo Pedro / Matias,Jerusalém (Judeia),,,
c. 30 d.C.,c. 30 d.C.,Efusão do Espírito Santo em Pentecostes (Shavuot) e nascimento da Igreja,Apóstolos / Pedro,Jerusalém (Judeia),,,
c. 34 d.C.,c. 34 d.C.,Martírio de Estêvão (primeiro mártir cristão) e início da grande dispersão,Estêvão / Saulo de Tarso,Jerusalém (Judeia),,,
c. 35 d.C.,c. 35 d.C.,Conversão de Saulo na estrada para Damasco,Paulo (Saulo de Tarso),Damasco (Síria),,,
c. 38 d.C.,c. 40 d.C.,Conversão de Cornélio e abertura oficial do Evangelho aos gentios,Apóstolo Pedro / Cornélio,Cesareia (Judeia),,,
c. 44 d.C.,c. 44 d.C.,Martírio de Tiago (irmão de João) e morte de Herodes Agripa I,Tiago / Herodes Agripa I,Jerusalém (Judeia),,,
c. 46 d.C.,c. 48 d.C.,Primeira Viagem Missionária de Paulo e Barnabé,Paulo / Barnabé,Chipre / Galácia,,,
c. 49 d.C.,c. 50 d.C.,Concílio de Jerusalém (isenção das leis rituais mosaicas para gentios),Tiago (o Justo) / Pedro / Paulo,Jerusalém (Judeia),,,
c. 50 d.C.,c. 52 d.C.,Segunda Viagem Missionária e chegada do Evangelho à Europa,Paulo / Silas / Timóteo,Grécia / Macedônia,,,
c. 53 d.C.,c. 57 d.C.,Terceira Viagem Missionária e ministério prolongado em Éfeso,Paulo,Éfeso (Ásia Menor),,,
c. 58 d.C.,c. 60 d.C.,Prisão de Paulo no Templo de Jerusalém e transferência para Cesareia,Paulo / Félix / Festo,Judeia,,,
c. 60 d.C.,c. 62 d.C.,Viagem de Paulo a Roma como prisioneiro (naufrágio em Malta) e prisão domiciliar,Paulo / Júlio (Centurião),Malta / Roma,,,
c. 62 d.C.,c. 62 d.C.,"Martírio de Tiago, o Justo (Líder da Igreja em Jerusalém)","Tiago, o Justo / Sumo Sacerdote Anano",Jerusalém (Judeia),,,
c. 64 d.C.,c. 67 d.C.,Martírios de Pedro (crucificação) e Paulo (decapitação) em Roma,Apóstolo Pedro / Apóstolo Paulo,Roma (Itália),,,
64 d.C.,64 d.C.,Grande Incêndio e primeira grande perseguição aos cristãos,Imperador Nero,Roma,,,
c. 66 d.C.,c. 73 d.C.,Eclosão da Primeira Guerra Judaico-Romana (Revolta dos Judeus),Zelotes / Vespasiano / Tito,Judeia,,,
70 d.C.,70 d.C.,"Cerco de Jerusalém, incêndio e destruição total do Segundo Templo",Tito / Legiões Romanas,Jerusalém (Judeia),,,
73 d.C.,73 d.C.,Queda da Fortaleza de Masada e fim do último reduto de resistência judaica,Eleazar ben Jair / Silva,Masada (Deserto da Judeia),,,
c. 90 d.C.,c. 96 d.C.,Perseguição do Imperador Domiciano e exílio do apóstolo João,Apóstolo João / Domiciano,Ilha de Patmos (Grécia),,,
c. 95 d.C.,c. 100 d.C.,Escrita do Apocalipse e morte do último Apóstolo (fim da Era Apostólica),Apóstolo João,Éfeso / Patmos,,,